model,nominal,empirical
rw,0.95000,0.94083
rw,0.90000,0.89349
rw,0.80000,0.79734
rw,0.70000,0.70266
rw,0.60000,0.61095
rw,0.50000,0.50148
rw,0.40000,0.38462
rw,0.30000,0.29734
rw,0.20000,0.18047
rw,0.10000,0.08432
ewma,0.95000,0.95266
ewma,0.90000,0.90828
ewma,0.80000,0.82249
ewma,0.70000,0.71450
ewma,0.60000,0.62574
ewma,0.50000,0.53107
ewma,0.40000,0.43639
ewma,0.30000,0.32544
ewma,0.20000,0.22337
ewma,0.10000,0.09320
har,0.95000,0.94231
har,0.90000,0.88905
har,0.80000,0.78550
har,0.70000,0.70562
har,0.60000,0.62130
har,0.50000,0.52663
har,0.40000,0.40533
har,0.30000,0.30030
har,0.20000,0.17604
har,0.10000,0.08876
ar_garch,0.95000,0.94379
ar_garch,0.90000,0.90385
ar_garch,0.80000,0.82396
ar_garch,0.70000,0.72929
ar_garch,0.60000,0.63609
ar_garch,0.50000,0.52959
ar_garch,0.40000,0.42456
ar_garch,0.30000,0.32249
ar_garch,0.20000,0.20562
ar_garch,0.10000,0.09615
har_garch,0.95000,0.93491
har_garch,0.90000,0.86538
har_garch,0.80000,0.79290
har_garch,0.70000,0.71598
har_garch,0.60000,0.61243
har_garch,0.50000,0.53550
har_garch,0.40000,0.42160
har_garch,0.30000,0.28698
har_garch,0.20000,0.17604
har_garch,0.10000,0.10799
