model,level,n,coverage,avg_width,interval_score,is_ratio,kupiec_p,independence_p,christoffersen_p,dm_stat_is,dm_p_is
rw,0.80000,676,0.79734,6.20133,11.86917,1.00000,0.86282,0.00000,0.00000,,
ewma,0.80000,676,0.82249,7.38502,12.31234,1.03734,0.13801,0.00000,0.00000,-0.58878,0.55620
har,0.80000,676,0.78550,5.84864,10.85473,0.91453,0.35028,0.00000,0.00000,2.93791,0.00342
ar_garch,0.80000,676,0.82396,6.85778,11.39857,0.96035,0.11355,0.00000,0.00000,1.25135,0.21124
har_garch,0.80000,676,0.79290,5.70170,11.07627,0.93320,0.64586,0.00000,0.00000,1.32382,0.18601
rw,0.90000,676,0.89349,8.71284,15.82842,1.00000,0.57629,0.00000,0.00000,,
ewma,0.90000,676,0.90828,10.17774,15.89518,1.00422,0.46717,0.00000,0.00000,-0.05889,0.95306
har,0.90000,676,0.88905,8.16562,14.45503,0.91323,0.35029,0.00000,0.00000,2.45727,0.01425
ar_garch,0.90000,676,0.90385,9.45853,15.18250,0.95919,0.73743,0.00000,0.00000,0.88664,0.37559
har_garch,0.90000,676,0.86538,7.84789,15.02179,0.94904,0.00416,0.00000,0.00000,0.83707,0.40285
rw,0.95000,676,0.94083,11.64399,20.85324,1.00000,0.28702,0.00000,0.00000,,
ewma,0.95000,676,0.95266,13.75183,20.76704,0.99587,0.74868,0.00000,0.00000,0.05233,0.95828
har,0.95000,676,0.94231,11.04992,19.34848,0.92784,0.36987,0.00000,0.00000,1.93227,0.05374
ar_garch,0.95000,676,0.94379,12.25224,20.03203,0.96062,0.46700,0.00000,0.00000,0.74875,0.45427
har_garch,0.95000,676,0.93491,10.17986,19.69614,0.94451,0.08477,0.00000,0.00000,0.75102,0.45290
