Date,y_true,rw,ewma
2024-01-01,12.449999809265137,12.449999809265137,13.310142908025133
2024-01-02,13.199999809265137,12.449999809265137,13.258534322099532
2024-01-03,14.039999961853027,13.199999809265137,13.255022251329468
2024-01-04,14.130000114440918,14.039999961853027,13.30212091396088
2024-01-05,13.350000381469727,14.130000114440918,13.351793665989682
2024-01-08,13.079999923706055,13.350000381469727,13.351686068918484
2024-01-09,12.760000228881836,13.079999923706055,13.335384900205739
2024-01-10,12.6899995803833,12.760000228881836,13.300861819926304
2024-01-11,12.4399995803833,12.6899995803833,13.264210085553723
2024-01-12,12.699999809265137,12.4399995803833,13.214757455243497
2024-01-15,12.699999809265137,12.699999809265137,13.183871996484795
2024-01-16,13.84000015258789,12.699999809265137,13.154839665251615
2024-01-17,14.789999961853027,13.84000015258789,13.19594929449179
2024-01-18,14.130000114440918,14.789999961853027,13.291592334533464
2024-01-19,13.300000190734863,14.130000114440918,13.341896801327911
2024-01-22,13.1899995803833,13.300000190734863,13.339383004692328
2024-01-23,12.550000190734863,13.1899995803833,13.330419999233786
2024-01-24,13.140000343322754,12.550000190734863,13.28359481072385
2024-01-25,13.449999809265137,13.140000343322754,13.274979142679783
2024-01-26,13.260000228881836,13.449999809265137,13.285480382674903
2024-01-29,13.600000381469727,13.260000228881836,13.283951573447318
2024-01-30,13.3100004196167,13.600000381469727,13.302914501928662
2024-01-31,14.350000381469727,13.3100004196167,13.303339656989943
2024-02-01,13.880000114440918,14.350000381469727,13.366139300458729
2024-02-02,13.850000381469727,13.880000114440918,13.396970949297659
2024-02-05,13.670000076293945,13.850000381469727,13.424152715227983
2024-02-06,13.0600004196167,13.670000076293945,13.43890355689194
2024-02-07,12.829999923706055,13.0600004196167,13.416169368655426
2024-02-08,12.789999961853027,12.829999923706055,13.380999201958463
2024-02-09,12.930000305175781,12.789999961853027,13.345539247552137
2024-02-12,13.930000305175781,12.930000305175781,13.320606911009556
2024-02-13,15.850000381469727,13.930000305175781,13.35717051465953
2024-02-14,14.380000114440918,15.850000381469727,13.50674030666814
2024-02-15,14.010000228881836,14.380000114440918,13.559135895134506
2024-02-16,14.239999771118164,14.010000228881836,13.586187755159346
2024-02-19,14.239999771118164,14.239999771118164,13.625416476116873
2024-02-20,15.420000076293945,14.239999771118164,13.66229147381695
2024-02-21,15.34000015258789,15.420000076293945,13.76775398996557
2024-02-22,14.539999961853027,15.34000015258789,13.862088759722909
2024-02-23,13.75,14.539999961853027,13.902763431850715
2024-02-26,13.739999771118164,13.75,13.893597625939671
2024-02-27,13.430000305175781,13.739999771118164,13.88438175465038
2024-02-28,13.84000015258789,13.430000305175781,13.857118867681905
2024-02-29,13.399999618530273,13.84000015258789,13.856091744776263
2024-03-01,13.109999656677246,13.399999618530273,13.828726217201503
2024-03-04,13.489999771118164,13.109999656677246,13.785602623570046
2024-03-05,14.460000038146973,13.489999771118164,13.767866452422933
2024-03-06,14.5,14.460000038146973,13.809394467566374
2024-03-07,14.4399995803833,14.5,13.85083079951239
2024-03-08,14.739999771118164,14.4399995803833,13.886180926364645
2024-03-11,15.220000267028809,14.739999771118164,13.937410057049856
2024-03-12,13.84000015258789,15.220000267028809,14.014365469648594
2024-03-13,13.75,13.84000015258789,14.003903550624951
2024-03-14,14.399999618530273,13.75,13.988669337587453
2024-03-15,14.40999984741211,14.399999618530273,14.013349154444022
2024-03-18,14.329999923706055,14.40999984741211,14.037148196022107
2024-03-19,13.819999694824219,14.329999923706055,14.054719299683143
2024-03-20,13.039999961853027,13.819999694824219,14.040636123391607
2024-03-21,12.920000076293945,13.039999961853027,13.980597953699291
2024-03-22,13.0600004196167,12.920000076293945,13.91696208105497
2024-03-25,13.1899995803833,13.0600004196167,13.865544381368673
2024-03-26,13.239999771118164,13.1899995803833,13.82501169330955
2024-03-27,12.779999732971191,13.239999771118164,13.789910977978066
2024-03-28,13.010000228881836,12.779999732971191,13.729316303277653
2024-03-29,13.010000228881836,13.010000228881836,13.686157338813903
2024-04-01,13.649999618530273,13.010000228881836,13.645587912217978
2024-04-02,14.609999656677246,13.649999618530273,13.645852614596716
2024-04-03,14.329999923706055,14.609999656677246,13.703701437121547
2024-04-04,16.350000381469727,14.329999923706055,13.741279346316617
2024-04-05,16.030000686645508,16.350000381469727,13.897802608425803
2024-04-08,15.1899995803833,16.030000686645508,14.025734493118984
2024-04-09,14.979999542236328,15.1899995803833,14.095590398354842
2024-04-10,15.800000190734863,14.979999542236328,14.148654946987731
2024-04-11,14.90999984741211,15.800000190734863,14.247735661612559
2024-04-12,17.309999465942383,14.90999984741211,14.287471512760531
2024-04-15,19.229999542236328,17.309999465942383,14.468823189951442
2024-04-16,18.399999618530273,19.229999542236328,14.754493771088534
2024-04-17,18.209999084472656,18.399999618530273,14.973224121935038
2024-04-18,18.0,18.209999084472656,15.167430619687295
2024-04-19,18.709999084472656,18.0,15.337384782506057
2024-04-22,16.940000534057617,18.709999084472656,15.539741640624053
2024-04-23,15.6899995803833,16.940000534057617,15.623757174230066
2024-04-24,15.970000267028809,15.6899995803833,15.627731718599259
2024-04-25,15.369999885559082,15.970000267028809,15.64826783150503
2024-04-26,15.029999732971191,15.369999885559082,15.631571754748274
2024-04-29,14.670000076293945,15.029999732971191,15.595477433441648
2024-04-30,15.649999618530273,14.670000076293945,15.539948792012785
2024-05-01,15.390000343322754,15.649999618530273,15.546551841603833
2024-05-02,14.680000305175781,15.390000343322754,15.537158751706967
2024-05-03,13.489999771118164,14.680000305175781,15.485729244915095
2024-05-06,13.489999771118164,13.489999771118164,15.365985476487278
2024-05-07,13.229999542236328,13.489999771118164,15.25342633416513
2024-05-08,13.0,13.229999542236328,15.132020726649401
2024-05-09,12.6899995803833,13.0,15.004099483050437
2024-05-10,12.550000190734863,12.6899995803833,14.865253488890408
2024-05-13,13.600000381469727,12.550000190734863,14.726338291001074
2024-05-14,13.420000076293945,13.600000381469727,14.658758016429193
2024-05-15,12.449999809265137,13.420000076293945,14.584432540021078
2024-05-16,12.420000076293945,12.449999809265137,14.456366576175721
2024-05-17,11.989999771118164,12.420000076293945,14.334184586182815
2024-05-20,12.149999618530273,11.989999771118164,14.193533497278935
2024-05-21,11.859999656677246,12.149999618530273,14.070921464554015
2024-05-22,12.289999961853027,11.859999656677246,13.938266156081408
2024-05-23,12.770000457763672,12.289999961853027,13.839370184427704
2024-05-24,11.930000305175781,12.770000457763672,13.775208000827861
2024-05-27,11.930000305175781,11.930000305175781,13.664495539088737
2024-05-28,12.920000076293945,11.930000305175781,13.560425825053958
2024-05-29,14.279999732971191,12.920000076293945,13.522000280128356
2024-05-30,14.470000267028809,14.279999732971191,13.567480247298926
2024-05-31,12.920000076293945,14.470000267028809,13.621631448482718
2024-06-03,13.109999656677246,12.920000076293945,13.579533566151392
2024-06-04,13.15999984741211,13.109999656677246,13.551361531582943
2024-06-05,12.630000114440918,13.15999984741211,13.527879830532692
2024-06-06,12.579999923706055,12.630000114440918,13.474007047567184
2024-06-07,12.220000267028809,12.579999923706055,13.420366620135516
2024-06-10,12.739999771118164,12.220000267028809,13.348344638949113
2024-06-11,12.850000381469727,12.739999771118164,13.311843946879256
2024-06-12,12.039999961853027,12.850000381469727,13.284133332954683
2024-06-13,11.9399995803833,12.039999961853027,13.209485330688583
2024-06-14,12.65999984741211,11.9399995803833,13.133316185670266
2024-06-17,12.75,12.65999984741211,13.104917205374775
2024-06-18,12.300000190734863,12.75,13.083622173052289
2024-06-19,12.300000190734863,12.300000190734863,13.036604854113243
2024-06-20,13.279999732971191,12.300000190734863,12.99240857431054
2024-06-21,13.199999809265137,13.279999732971191,13.009664043830178
2024-06-24,13.329999923706055,13.199999809265137,13.021084189756275
2024-06-25,12.84000015258789,13.329999923706055,13.039619133793261
2024-06-26,12.550000190734863,12.84000015258789,13.027641994920938
2024-06-27,12.239999771118164,12.550000190734863,12.998983486669772
2024-06-28,12.4399995803833,12.239999771118164,12.953444463736675
2024-07-01,12.220000267028809,12.4399995803833,12.922637770735472
2024-07-02,12.029999732971191,12.220000267028809,12.880479520513072
2024-07-03,12.09000015258789,12.029999732971191,12.82945073326056
2024-07-04,12.09000015258789,12.09000015258789,12.785083698420198
2024-07-05,12.479999542236328,12.09000015258789,12.74337868567026
2024-07-08,12.369999885559082,12.479999542236328,12.727575937064223
2024-07-09,12.510000228881836,12.369999885559082,12.706121373973915
2024-07-10,12.850000381469727,12.510000228881836,12.694354105268388
2024-07-11,12.920000076293945,12.850000381469727,12.703692881840468
2024-07-12,12.460000038146973,12.920000076293945,12.716671313507675
2024-07-15,13.119999885559082,12.460000038146973,12.701271036986032
2024-07-16,13.1899995803833,13.119999885559082,12.726394767900414
2024-07-17,14.479999542236328,13.1899995803833,12.754211056649387
2024-07-18,15.930000305175781,14.479999542236328,12.857758365784603
2024-07-19,16.520000457763672,15.930000305175781,13.042092882148074
2024-07-22,14.90999984741211,16.520000457763672,13.250767336685009
2024-07-23,14.720000267028809,14.90999984741211,13.350321287328635
2024-07-24,18.040000915527344,14.720000267028809,13.432502026110644
2024-07-25,18.459999084472656,18.040000915527344,13.708951959475645
2024-07-26,16.389999389648438,18.459999084472656,13.994014786975464
2024-07-29,16.600000381469727,16.389999389648438,14.137773863135843
2024-07-30,17.690000534057617,16.600000381469727,14.285507454235875
2024-07-31,16.360000610351562,17.690000534057617,14.489777039025178
2024-08-01,18.59000015258789,16.360000610351562,14.60199045330476
2024-08-02,23.389999389648438,18.59000015258789,14.841271035261746
2024-08-05,38.56999969482422,23.389999389648438,15.354194736524947
2024-08-06,27.709999084472656,38.56999969482422,16.747143034022905
2024-08-07,27.850000381469727,27.709999084472656,17.40491439704989
2024-08-08,23.790000915527344,27.850000381469727,18.03161955611508
2024-08-09,20.3700008392334,23.790000915527344,18.377122437679812
2024-08-12,20.709999084472656,20.3700008392334,18.496695141773028
2024-08-13,18.1200008392334,20.709999084472656,18.629493378335006
2024-08-14,16.190000534057617,18.1200008392334,18.59892382598891
2024-08-15,15.229999542236328,16.190000534057617,18.45438842847303
2024-08-16,14.800000190734863,15.229999542236328,18.260925095298827
2024-08-19,14.649999618530273,14.800000190734863,18.05326960102499
2024-08-20,15.880000114440918,14.649999618530273,17.849073402075305
2024-08-21,16.270000457763672,15.880000114440918,17.73092900481724
2024-08-22,17.549999237060547,16.270000457763672,17.643273291994028
2024-08-23,15.859999656677246,17.549999237060547,17.637676848698018
2024-08-26,16.149999618530273,15.859999656677246,17.53101621717677
2024-08-27,15.430000305175781,16.149999618530273,17.44815522125798
2024-08-28,17.110000610351562,15.430000305175781,17.32706592629305
2024-08-29,15.649999618530273,17.110000610351562,17.31404200733656
2024-08-30,15.0,15.649999618530273,17.214199464008182
2024-09-02,15.0,15.0,17.08134749616769
2024-09-03,20.719999313354492,15.0,16.95646664639763
2024-09-04,21.31999969482422,20.719999313354492,17.18227860641504
2024-09-05,19.899999618530273,21.31999969482422,17.43054187171959
2024-09-06,22.3799991607666,19.899999618530273,17.57870933652823
2024-09-09,19.450000762939453,22.3799991607666,17.866786725982532
2024-09-10,19.079999923706055,19.450000762939453,17.961779568199947
2024-09-11,17.690000534057617,19.079999923706055,18.028872789530315
2024-09-12,17.06999969482422,17.690000534057617,18.008540454201952
2024-09-13,16.559999465942383,17.06999969482422,17.95222800863929
2024-09-16,17.139999389648438,16.559999465942383,17.86869429607747
2024-09-17,17.610000610351562,17.139999389648438,17.82497260169173
2024-09-18,18.229999542236328,17.610000610351562,17.81207428221132
2024-09-19,16.329999923706055,18.229999542236328,17.83714979781282
2024-09-20,16.149999618530273,16.329999923706055,17.746720805366415
2024-09-23,15.890000343322754,16.149999618530273,17.650917534156246
2024-09-24,15.390000343322754,15.890000343322754,17.545262502706237
2024-09-25,15.40999984741211,15.390000343322754,17.415946773143226
2024-09-26,15.369999885559082,15.40999984741211,17.295589957599358
2024-09-27,16.959999084472656,15.369999885559082,17.18005455327694
2024-09-30,16.729999542236328,16.959999084472656,17.16685122514868
2024-10-01,19.260000228881836,16.729999542236328,17.140640124173938
2024-10-02,18.899999618530273,19.260000228881836,17.267801730456412
2024-10-03,20.489999771118164,18.899999618530273,17.365733603740843
2024-10-04,19.209999084472656,20.489999771118164,17.55318957378348
2024-10-07,22.639999389648438,19.209999084472656,17.652598144424832
2024-10-08,21.420000076293945,22.639999389648438,17.951842219138246
2024-10-09,20.860000610351562,21.420000076293945,18.15993169056759
2024-10-10,20.93000030517578,20.860000610351562,18.321935825754625
2024-10-11,20.459999084472656,20.93000030517578,18.478419694519893
2024-10-14,19.700000762939453,20.459999084472656,18.597314457917058
2024-10-15,20.639999389648438,19.700000762939453,18.6634756362184
2024-10-16,19.579999923706055,20.639999389648438,18.7820670614242
2024-10-17,19.110000610351562,19.579999923706055,18.82994303316111
2024-10-18,18.030000686645508,19.110000610351562,18.846746487792537
2024-10-21,18.3700008392334,18.030000686645508,18.797741739723715
2024-10-22,18.200000762939453,18.3700008392334,18.772077285694294
2024-10-23,19.239999771118164,18.200000762939453,18.737752694329004
2024-10-24,19.079999923706055,19.239999771118164,18.76788751893635
2024-10-25,20.329999923706055,19.079999923706055,18.786614263222532
2024-10-28,19.799999237060547,20.329999923706055,18.87921740285154
2024-10-29,19.34000015258789,19.799999237060547,18.93446431290408
2024-10-30,20.350000381469727,19.34000015258789,18.958796463285108
2024-10-31,23.15999984741211,20.350000381469727,19.042268698376184
2024-11-01,21.8799991607666,23.15999984741211,19.28933256731834
2024-11-04,21.979999542236328,21.8799991607666,19.444772562925234
2024-11-05,20.489999771118164,21.979999542236328,19.5968861816839
2024-11-06,16.270000457763672,20.489999771118164,19.650472997049956
2024-11-07,15.199999809265137,16.270000457763672,19.44764464469278
2024-11-08,14.9399995803833,15.199999809265137,19.19278595456712
2024-11-11,14.970000267028809,14.9399995803833,18.937618772116092
2024-11-12,14.710000038146973,14.970000267028809,18.699561661810854
2024-11-13,14.020000457763672,14.710000038146973,18.46018796439102
2024-11-14,14.3100004196167,14.020000457763672,18.19377671399338
2024-11-15,16.139999389648438,14.3100004196167,17.960750136330777
2024-11-18,15.579999923706055,16.139999389648438,17.851505091529837
2024-11-19,16.350000381469727,15.579999923706055,17.71521478146041
2024-11-20,17.15999984741211,16.350000381469727,17.63330191746097
2024-11-21,16.8700008392334,17.15999984741211,17.604903793258035
2024-11-22,15.239999771118164,16.8700008392334,17.560809616016556
2024-11-25,14.600000381469727,15.239999771118164,17.421561025322653
2024-11-26,14.100000381469727,14.600000381469727,17.252267386691475
2024-11-27,14.100000381469727,14.100000381469727,17.06313136637817
2024-11-28,14.100000381469727,14.100000381469727,16.88534350728366
2024-11-29,13.510000228881836,14.100000381469727,16.718222919734824
2024-12-02,13.34000015258789,13.510000228881836,16.525729558283643
2024-12-03,13.300000190734863,13.34000015258789,16.334585793941898
2024-12-04,13.449999809265137,13.300000190734863,16.152510657749474
2024-12-05,13.539999961853027,13.449999809265137,15.990360006840413
2024-12-06,12.770000457763672,13.539999961853027,15.84333840414117
2024-12-09,14.1899995803833,12.770000457763672,15.65893812735852
2024-12-10,14.180000305175781,14.1899995803833,15.570801814540005
2024-12-11,13.579999923706055,14.180000305175781,15.487353723978151
2024-12-12,13.920000076293945,13.579999923706055,15.372912495961824
2024-12-13,13.8100004196167,13.920000076293945,15.28573775078175
2024-12-16,14.6899995803833,13.8100004196167,15.197193510911847
2024-12-17,15.869999885559082,14.6899995803833,15.166761875080134
2024-12-18,27.6200008392334,15.869999885559082,15.20895615570887
2024-12-19,24.09000015258789,27.6200008392334,15.953618836720342
2024-12-20,18.360000610351562,24.09000015258789,16.441801715672394
2024-12-23,16.780000686645508,18.360000610351562,16.556893649353142
2024-12-24,14.270000457763672,16.780000686645508,16.570280071590684
2024-12-25,14.270000457763672,14.270000457763672,16.43226329476106
2024-12-26,14.729999542236328,14.270000457763672,16.302527524541215
2024-12-27,15.949999809265137,14.729999542236328,16.20817584560292
2024-12-30,17.399999618530273,15.949999809265137,16.19268528342265
2024-12-31,17.350000381469727,17.399999618530273,16.265124143529107
2025-01-01,17.350000381469727,17.350000381469727,16.330216717805545
2025-01-02,17.93000030517578,17.350000381469727,16.391403737625396
2025-01-03,16.1299991607666,17.93000030517578,16.483719531678418
2025-01-06,16.040000915527344,16.1299991607666,16.46249630942371
2025-01-07,17.81999969482422,16.040000915527344,16.437146585789925
2025-01-08,17.700000762939453,17.81999969482422,16.520117772331982
2025-01-09,17.700000762939453,17.700000762939453,16.59091075176843
2025-01-10,19.540000915527344,17.700000762939453,16.65745615243869
2025-01-13,19.190000534057617,19.540000915527344,16.83040883822401
2025-01-14,18.709999084472656,19.190000534057617,16.971984339974025
2025-01-15,16.1200008392334,18.709999084472656,17.076265224643944
2025-01-16,16.600000381469727,16.1200008392334,17.01888936151931
2025-01-17,15.970000267028809,16.600000381469727,16.993756022716333
2025-01-20,15.970000267028809,15.970000267028809,16.93233067737508
2025-01-21,15.0600004196167,15.970000267028809,16.874590852754302
2025-01-22,15.100000381469727,15.0600004196167,16.765715426766047
2025-01-23,15.020000457763672,15.100000381469727,16.66577252404827
2025-01-24,14.850000381469727,15.020000457763672,16.567026200071194
2025-01-27,17.899999618530273,14.850000381469727,16.464004650955104
2025-01-28,16.40999984741211,17.899999618530273,16.550164349009613
2025-01-29,16.559999465942383,16.40999984741211,16.541754478913763
2025-01-30,15.84000015258789,16.559999465942383,16.54284917813548
2025-01-31,16.43000030517578,15.84000015258789,16.500678236602624
2025-02-03,18.6200008392334,16.43000030517578,16.496437560717013
2025-02-04,17.209999084472656,18.6200008392334,16.623851357427995
2025-02-05,15.770000457763672,17.209999084472656,16.659020221050675
2025-02-06,15.5,15.770000457763672,16.605679035253452
2025-02-07,16.540000915527344,15.5,16.539338293138243
2025-02-10,15.8100004196167,16.540000915527344,16.539378050481588
2025-02-11,16.020000457763672,15.8100004196167,16.495615392629695
2025-02-12,15.890000343322754,16.020000457763672,16.467078496537734
2025-02-13,15.100000381469727,15.890000343322754,16.432453807344835
2025-02-14,14.770000457763672,15.100000381469727,16.352506601792328
2025-02-17,14.770000457763672,14.770000457763672,16.25755623315061
2025-02-18,15.350000381469727,14.770000457763672,16.16830288662739
2025-02-19,15.270000457763672,15.350000381469727,16.11920473631793
2025-02-20,15.65999984741211,15.270000457763672,16.068252479604674
2025-02-21,18.209999084472656,15.65999984741211,16.04375732167312
2025-02-24,18.979999542236328,18.209999084472656,16.17373182744109
2025-02-25,19.43000030517578,18.979999542236328,16.342107890328805
2025-02-26,19.100000381469727,19.43000030517578,16.527381435219624
2025-02-27,21.1299991607666,19.100000381469727,16.68173857199463
2025-02-28,19.6299991607666,21.1299991607666,16.948634207320946
2025-03-03,22.780000686645508,19.6299991607666,17.109516104527685
2025-03-04,23.510000228881836,22.780000686645508,17.449745179454755
2025-03-05,21.93000030517578,23.510000228881836,17.81336048242038
2025-03-06,24.8700008392334,21.93000030517578,18.060358871785702
2025-03-07,23.3700008392334,24.8700008392334,18.468937389832565
2025-03-10,27.860000610351562,23.3700008392334,18.763001196796615
2025-03-11,26.920000076293945,27.860000610351562,19.308821161609913
2025-03-12,24.229999542236328,26.920000076293945,19.765491896490953
2025-03-13,24.65999984741211,24.229999542236328,20.033362355235674
2025-03-14,21.770000457763672,24.65999984741211,20.310960604766258
2025-03-17,20.510000228881836,21.770000457763672,20.398502995946103
2025-03-18,21.700000762939453,20.510000228881836,20.405192829922246
2025-03-19,19.899999618530273,21.700000762939453,20.482881305903277
2025-03-20,19.799999237060547,19.899999618530273,20.447908404660897
2025-03-21,19.280000686645508,19.799999237060547,20.409033854604875
2025-03-24,17.479999542236328,19.280000686645508,20.34129186452731
2025-03-25,17.149999618530273,17.479999542236328,20.16961432518985
2025-03-26,18.329999923706055,17.149999618530273,19.988437442790275
2025-03-27,18.690000534057617,18.329999923706055,19.88893119164522
2025-03-28,21.649999618530273,18.690000534057617,19.816995352189963
2025-03-31,22.280000686645508,21.649999618530273,19.92697560817038
2025-04-01,21.770000457763672,22.280000686645508,20.068157112878886
2025-04-02,21.510000228881836,21.770000457763672,20.170267713571974
2025-04-03,30.020000457763672,21.510000228881836,20.250651664490565
2025-04-04,45.310001373291016,30.020000457763672,20.83681259208695
2025-04-07,46.97999954223633,45.310001373291016,22.305203918959194
2025-04-08,52.33000183105469,46.97999954223633,23.78569165635582
2025-04-09,33.619998931884766,52.33000183105469,25.49835026683775
2025-04-10,40.720001220703125,33.619998931884766,25.98564918674057
2025-04-11,37.560001373291016,40.720001220703125,26.869710308778323
2025-04-14,30.889999389648438,37.560001373291016,27.511127772649083
2025-04-15,30.1200008392334,30.889999389648438,27.713860069669042
2025-04-16,32.63999938964844,30.1200008392334,27.858228515842903
2025-04-17,29.649999618530273,32.63999938964844,28.145134768271234
2025-04-18,29.649999618530273,29.649999618530273,28.235426659286777
2025-04-21,33.81999969482422,29.649999618530273,28.320301036841386
2025-04-22,30.56999969482422,33.81999969482422,28.650282956320353
2025-04-23,28.450000762939453,30.56999969482422,28.765465960630586
2025-04-24,26.469999313354492,28.450000762939453,28.746538048769118
2025-04-25,24.84000015258789,26.469999313354492,28.609945724644238
2025-04-28,25.149999618530273,24.84000015258789,28.383748990320857
2025-04-29,24.170000076293945,25.149999618530273,28.18972402801342
2025-04-30,24.700000762939453,24.170000076293945,27.94854059091025
2025-05-01,24.600000381469727,24.700000762939453,27.753628201232
2025-05-02,22.68000030517578,24.600000381469727,27.564410532046264
2025-05-05,23.639999389648438,22.68000030517578,27.271345918434033
2025-05-06,24.760000228881836,23.639999389648438,27.053465126706897
2025-05-07,23.549999237060547,24.760000228881836,26.915857232837393
2025-05-08,22.479999542236328,23.549999237060547,26.71390575309078
2025-05-09,21.899999618530273,22.479999542236328,26.459871380439512
2025-05-12,18.389999389648438,21.899999618530273,26.186279074724958
2025-05-13,18.219999313354492,18.389999389648438,25.718502293620364
2025-05-14,18.6200008392334,18.219999313354492,25.26859211480441
2025-05-15,17.829999923706055,18.6200008392334,24.869676638270146
2025-05-16,17.239999771118164,17.829999923706055,24.4472960353963
2025-05-19,18.139999389648438,17.239999771118164,24.01485825953961
2025-05-20,18.09000015258789,18.139999389648438,23.66236672734614
2025-05-21,20.8700008392334,18.09000015258789,23.328024732860644
2025-05-22,20.280000686645508,20.8700008392334,23.18054329924301
2025-05-23,22.290000915527344,20.280000686645508,23.00651074248716
2025-05-26,22.290000915527344,22.290000915527344,22.96352015286957
2025-05-27,18.959999084472656,22.290000915527344,22.923108998629036
2025-05-28,19.309999465942383,18.959999084472656,22.68532240377965
2025-05-29,19.18000030517578,19.309999465942383,22.482803027509412
2025-05-30,18.56999969482422,19.18000030517578,22.284634864169394
2025-06-02,18.360000610351562,18.56999969482422,22.061756754008684
2025-06-03,17.690000534057617,18.360000610351562,21.839651385389256
2025-06-04,17.610000610351562,17.690000534057617,21.590672334309357
2025-06-05,18.479999542236328,17.610000610351562,21.35183203087189
2025-06-06,16.770000457763672,18.479999542236328,21.179522081553756
2025-06-09,17.15999984741211,16.770000457763672,20.91495078412635
2025-06-10,16.950000762939453,17.15999984741211,20.689653727923496
2025-06-11,17.260000228881836,16.950000762939453,20.465274550024454
2025-06-12,18.020000457763672,17.260000228881836,20.272958090755896
2025-06-13,20.81999969482422,18.020000457763672,20.137780632776362
2025-06-16,19.110000610351562,20.81999969482422,20.178713776499233
2025-06-17,21.600000381469727,19.110000610351562,20.114590986530374
2025-06-18,20.139999389648438,21.600000381469727,20.203715550226732
2025-06-19,20.139999389648438,20.139999389648438,20.199892580592035
2025-06-20,20.6200008392334,20.139999389648438,20.196298989135418
2025-06-23,19.829999923706055,20.6200008392334,20.221721100141295
2025-06-24,17.479999542236328,19.829999923706055,20.19821782955518
2025-06-25,16.760000228881836,17.479999542236328,20.03512473231605
2025-06-26,16.59000015258789,16.760000228881836,19.838617262109995
2025-06-27,16.31999969482422,16.59000015258789,19.643700235538667
2025-06-30,16.729999542236328,16.31999969482422,19.4442782030958
2025-07-01,16.829999923706055,16.729999542236328,19.28142148344423
2025-07-02,16.639999389648438,16.829999923706055,19.13433618985994
2025-07-03,16.3799991607666,16.639999389648438,18.98467598184725
2025-07-04,16.3799991607666,16.3799991607666,18.82839537258241
2025-07-07,17.790000915527344,16.3799991607666,18.68149159987346
2025-07-08,16.809999465942383,17.790000915527344,18.62800215881269
2025-07-09,15.9399995803833,16.809999465942383,18.518921997240472
2025-07-10,15.779999732971191,15.9399995803833,18.36418665222904
2025-07-11,16.399999618530273,15.779999732971191,18.20913543707357
2025-07-14,17.200000762939453,16.399999618530273,18.100587287960973
2025-07-15,17.3799991607666,17.200000762939453,18.04655209645968
2025-07-16,17.15999984741211,17.3799991607666,18.006558920318096
2025-07-17,16.520000457763672,17.15999984741211,17.955765375943734
2025-07-18,16.40999984741211,16.520000457763672,17.86961948085293
2025-07-21,16.649999618530273,16.40999984741211,17.78204230284648
2025-07-22,16.5,16.649999618530273,17.714119741787506
2025-07-23,15.369999885559082,16.5,17.641272557280256
2025-07-24,15.390000343322754,15.369999885559082,17.504996196976986
2025-07-25,14.930000305175781,15.390000343322754,17.37809644575773
2025-07-28,15.029999732971191,14.930000305175781,17.231210677322814
2025-07-29,15.979999542236328,15.029999732971191,17.099138020661716
2025-07-30,15.479999542236328,15.979999542236328,17.031989711956193
2025-07-31,16.719999313354492,15.479999542236328,16.938870301773
2025-08-01,20.3799991607666,16.719999313354492,16.92573804246789
2025-08-04,17.520000457763672,20.3799991607666,17.132993709565813
2025-08-05,17.850000381469727,17.520000457763672,17.156214114457683
2025-08-06,16.770000457763672,17.850000381469727,17.197841290478404
2025-08-07,16.56999969482422,16.770000457763672,17.17217084051552
2025-08-08,15.149999618530273,16.56999969482422,17.136040571774043
2025-08-11,16.25,15.149999618530273,17.016878114579416
2025-08-12,14.729999542236328,16.25,16.970865427704652
2025-08-13,14.489999771118164,14.729999542236328,16.836413474576553
2025-08-14,14.829999923706055,14.489999771118164,16.69562865236905
2025-08-15,15.09000015258789,14.829999923706055,16.58369092864927
2025-08-18,14.989999771118164,15.09000015258789,16.494069482085585
2025-08-19,15.569999694824219,14.989999771118164,16.403825299427538
2025-08-20,15.6899995803833,15.569999694824219,16.35379576315134
2025-08-21,16.600000381469727,15.6899995803833,16.313967992185255
2025-08-22,14.220000267028809,16.600000381469727,16.33112993554232
2025-08-25,14.789999961853027,14.220000267028809,16.20446215543151
2025-08-26,14.619999885559082,14.789999961853027,16.1195944238168
2025-08-27,14.850000381469727,14.619999885559082,16.029618751521337
2025-08-28,14.430000305175781,14.850000381469727,15.95884164931824
2025-08-29,15.359999656677246,14.430000305175781,15.867111168669691
2025-09-01,15.359999656677246,15.359999656677246,15.836684477950143
2025-09-02,17.170000076293945,15.359999656677246,15.808083388673769
2025-09-03,16.350000381469727,17.170000076293945,15.889798389930979
2025-09-04,15.300000190734863,16.350000381469727,15.917410509423304
2025-09-05,15.180000305175781,15.300000190734863,15.880365890301997
