date,garch_pred,lo80,hi80,lo90,hi90,lo95,hi95,y_true
2024-01-01,12.39413862939913,11.512099189059734,13.343758583208526,11.24261133307475,13.663611398967712,10.993972793081578,13.972626206736862,12.449999809265138
2024-01-02,12.393023747681951,11.526733415614066,13.3244200306186,11.261817488427603,13.63785532561076,11.017293414161086,13.940541640943826,13.199999809265138
2024-01-03,13.096114382328993,12.07564093760853,14.20282474455637,11.765370292474481,14.57737475757534,11.479755391413024,14.940058047171826,14.039999961853026
2024-01-04,13.92779684118128,12.749776831981457,15.214660413712672,12.393331476131788,15.652250181705417,12.065952208940757,16.076934624809738,14.130000114440916
2024-01-05,14.061235175917435,12.937107954467683,15.283039715547714,12.595821908399476,15.697136408431602,12.281871477622863,16.098388183974542,13.350000381469728
2024-01-08,13.332269578281675,12.242899463293782,14.518571572109767,11.912588656181768,14.921140756063629,11.608916275713328,15.311456115833943,13.079999923706056
2024-01-09,13.035620194886059,12.01626721973296,14.141445988007714,11.706399005936944,14.515769860496121,11.42118116268299,14.878267969387768,12.760000228881838
2024-01-10,12.7196215071558,11.754567563185576,13.763906703978689,11.46071229485251,14.116816400492539,11.19002079215202,14.458308370505343,12.6899995803833
2024-01-11,12.636078951988363,11.711016334366532,13.634213011241622,11.428797719658107,13.970891356860928,11.168592088719823,14.296384899055369,12.439999580383297
2024-01-12,12.397013716872683,11.506322789666443,13.356651982191147,11.234324624014237,13.680034558358221,10.983427432903223,13.99253102323325,12.699999809265135
2024-01-15,12.627454549300209,11.722485054067334,13.60228719927585,11.446090743954825,13.930748231998455,11.191122993102441,14.24813296153745,12.699999809265135
2024-01-16,12.642205961987958,11.754281721757323,13.597204437382603,11.482814862794923,13.91865788093202,11.232272142365787,14.229122083188843,13.84000015258789
2024-01-17,13.711012716708689,12.526137542694315,15.007967865352944,12.168098136148352,15.449568832722585,11.839460851561334,15.878414741576334,14.78999996185303
2024-01-18,14.669327051429052,13.325851606632288,16.14824796898446,12.921420775276825,16.653676084407056,12.550857912896113,17.145374255307235,14.130000114440916
2024-01-19,14.102140812390315,12.87040072702319,15.451762513884178,12.498451798593214,15.911600788416756,12.157155284875051,16.358298535505508,13.300000190734865
2024-01-22,13.284345267528813,12.114322006218034,14.56737150426865,11.761198625912195,15.004748648501627,11.437257248721155,15.429733313609558,13.189999580383299
2024-01-23,13.136226928702738,12.05636992004866,14.312803859428904,11.729061363659591,14.712213754548412,11.428199749195212,15.099531134335214,12.550000190734862
2024-01-24,12.527332626657824,11.500024105767062,13.646411633191784,11.188598135564616,14.026248939988955,10.90231639884615,14.394561393901094,13.140000343322752
2024-01-25,13.04699184211189,11.973933880859981,14.21621313612169,11.648695857383485,14.613137660404993,11.349741652802217,14.998050293603505,13.449999809265135
2024-01-26,13.37193244992654,12.306181628486307,14.529980366248855,11.982561381241256,14.92240029125358,11.68483710822516,15.302616184485098,13.260000228881836
2024-01-29,13.210468506550772,12.205295259788176,14.298423303001561,11.899271898682976,14.666147613778406,11.617392213749936,15.02200106113472,13.600000381469728
2024-01-30,13.519700086671895,12.503287691847328,14.618738282151007,12.193639755411708,14.989969697311642,11.908333937720863,15.349106885101236,13.3100004196167
2024-01-31,13.265816232639443,12.294614084993329,14.313737633535133,11.998319802091288,14.667210344525637,11.72513666297778,15.008940652591662,14.350000381469728
2024-02-01,14.225763146394774,13.027771200890758,15.533918578757877,12.665185633853742,15.978631734886482,12.332125133726793,16.41017544850086,13.880000114440916
2024-02-02,13.843424633820362,12.729674443638759,15.054619538053505,12.391663413132855,15.465268802343461,12.080779278674697,15.863248650735056,13.850000381469725
2024-02-05,13.789377936481252,12.734824565399556,14.931257427113998,12.413857039793722,15.317313810331711,12.11825081053933,15.690956297896044,13.670000076293949
2024-02-06,13.618448593427765,12.614011264655357,14.70286796171669,12.307697588469988,15.068792579497407,12.025328372715924,15.422626006008018,13.0600004196167
2024-02-07,13.034286139992851,12.049551264039707,14.099497272253764,11.74963368116208,14.45939675988322,11.473327739166182,14.807614585893159,12.829999923706056
2024-02-08,12.784522299309915,11.845246456234696,13.79827857743934,11.558745569055986,14.140289657305877,11.294614955446432,14.47096789631924,12.789999961853027
2024-02-09,12.734167088190153,11.824827117187613,13.713436130854213,11.547046709254804,14.043332075549413,11.290778153772786,14.36207577736883,12.93000030517578
2024-02-12,12.863568564991937,11.956953623018853,13.838925987610466,11.679820928652942,14.167288799806357,11.42407005686453,14.484452161322292,13.930000305175781
2024-02-13,13.80969103572481,12.664268561027367,15.05871149077301,12.317273291663419,15.482937009382828,11.998395806411457,15.8944220193396,15.850000381469728
2024-02-14,15.666650673247128,13.93826588961507,17.60936010701494,13.425162853226714,18.282381078048722,12.958075632487512,18.941388388118074,14.38000011444092
2024-02-15,14.393594807174773,12.80939837512357,16.173716001797,12.33900837556167,16.790293447199154,11.910764593169137,17.393977511061255,14.010000228881836
2024-02-16,13.967133223290832,12.571099558213715,15.518197877105544,12.15343651800488,16.051493763772026,11.771852776036326,16.571801753609744,14.239999771118166
2024-02-19,14.162918065690398,12.86438261832371,15.592528152089201,12.47350941063942,16.081139760424236,12.11538132253875,16.55649482218911,14.239999771118166
2024-02-20,14.175840116430289,12.97327729557604,15.489874950496965,12.609472423368514,15.936784368089446,12.275362392492625,16.370550748831185,15.420000076293942
2024-02-21,15.28273497388776,13.863672119532387,16.847050786279702,13.436885795384196,17.382151775251725,13.046010184340853,17.902943887199854,15.340000152587894
2024-02-22,15.275760717937905,13.966739605731524,16.707468750683624,13.570977009984201,17.194699050777214,13.207624435074742,17.667739316693726,14.53999996185303
2024-02-23,14.518019606353437,13.282914259079249,15.867970625978677,12.909330410538356,16.327174732347178,12.566267910812,16.77291100161203,13.750000000000002
2024-02-26,13.730488874279759,12.554991053114168,15.016046122944688,12.199576326273801,15.453514096280351,11.873258470532097,15.87822965318395,13.739999771118166
2024-02-27,13.678499455502166,12.580643292273297,14.872160588885452,12.247409564316385,15.276809873273518,11.940899377153645,15.668949334934638,13.430000305175781
2024-02-28,13.386122433898185,12.35484761078301,14.503479076417024,12.04109316481603,14.881395846923505,11.75218521773365,15.247230238077188,13.84000015258789
2024-02-29,13.754551543145123,12.703618212128191,14.89242552743105,12.38373644190667,15.27710873374397,12.089123255295725,15.649413456857665,13.399999618530275
2024-03-01,13.363385471598825,12.360686457332896,14.447423440354084,12.055183970533903,14.81355006269801,11.773683781801871,15.16773123621367,13.109999656677244
2024-03-04,13.06637783246216,12.107815951743536,14.100827956182572,11.815409502862169,14.449793688428725,11.545824563230061,14.787183775889197,13.489999771118162
2024-03-05,13.407625067384423,12.420169929855167,14.473586992996271,12.119012007378734,14.833256195975755,11.841385529815923,15.181028393587793,14.460000038146973
2024-03-06,14.339732935220878,13.14137499200776,15.647368770658773,12.778508611613205,16.091701066475174,12.445117080270666,16.522780728149343,14.5
2024-03-07,14.432778688332215,13.293063735755073,15.670210028865434,12.946800092804963,16.089311580715588,12.628165157251047,16.495278456725643,14.439999580383303
2024-03-08,14.378575686430523,13.29501316300406,15.550450100020546,12.964950749431638,15.946334295136003,12.660853689594715,16.329344279550632,14.739999771118168
2024-03-11,14.657508448936957,13.571050300116944,15.830945223805333,13.239811058036896,16.227010566003774,12.934502485052787,16.610036155540737,15.220000267028805
2024-03-12,15.125649109628494,13.990866038768335,16.352473131659405,13.645117783947052,16.76682199524596,13.326532775305669,17.16765079447738,13.84000015258789
2024-03-13,13.850842877145338,12.625989832333877,15.194519475698451,12.256414735805535,15.65268902388843,11.91742254112279,16.09793122173657,13.750000000000002
2024-03-14,13.69330766837619,12.56469170160097,14.923300893798967,12.222657939516338,15.340908321961109,11.90828407204556,15.745902076771754,14.399999618530273
2024-03-15,14.299126841214242,13.112795547137063,15.592787036611336,12.753413052335182,16.032181156690097,12.423154567730714,16.458382394455096,14.409999847412113
2024-03-18,14.345224306728188,13.220472213702173,15.56566642128424,12.87861578243705,15.97884927128434,12.563976629149273,16.379006940597858,14.329999923706053
2024-03-19,14.270517394460656,13.200896018888374,15.426806363311766,12.874984819736756,15.817313150802452,12.574671251773998,16.195068851352605,13.819999694824219
2024-03-20,13.785775592282544,12.755322523109554,14.899474971052511,12.44129930999564,15.275543489905775,12.151919956068854,15.639307152106484,13.039999961853026
2024-03-21,13.022978056990642,11.994433231864694,14.13972250246071,11.681947592619867,14.517952261659193,11.394396661486624,14.884329772905444,12.920000076293944
2024-03-22,12.868336977272389,11.8968763094889,13.919123999680378,11.600989399847585,14.27413566663646,11.328391540803418,14.617617687752679,13.0600004196167
2024-03-25,12.99354326829425,12.040851709940185,14.021613315415003,11.75022751055586,14.368416825407325,11.482282061456731,14.703711837193405,13.189999580383299
2024-03-26,13.1236295042889,12.181609112116533,14.138497613959105,11.893922237645048,14.480475651734453,11.628547478081625,14.810934185071154,13.239999771118162
2024-03-27,13.177880336327267,12.251014793355484,14.174869028216827,11.967662633921197,14.510480072052497,11.70615948685833,14.834628757066966,12.779999732971193
2024-03-28,12.747162013250191,11.837713431296114,13.72648023075666,11.559887038938486,14.056377786799702,11.303570525465247,14.375116165815289,13.010000228881836
2024-03-29,12.93884565989563,12.02274425755416,13.924751572870742,11.742776585369146,14.25674122244549,11.48443748805017,14.577442489873617,13.010000228881836
2024-04-01,12.951600008293633,12.0515826276191,13.918831074551656,11.77627190103174,14.24423146684778,11.522118171434366,14.558429299111198,13.649999618530273
2024-04-02,13.553277511812055,12.538615337666567,14.650049177310137,12.229430371279603,15.020432328850175,11.944520823733546,15.378710793253338,14.609999656677248
2024-04-03,14.49142501152953,13.27299445211964,15.821704711949709,12.904187075819028,16.27389603319548,12.565396005853183,16.71267652583025,14.329999923706053
2024-04-04,14.281500388897975,13.14917667658239,15.5113326388968,12.805238022199559,15.927954873193253,12.488776756360988,16.331563718136614,16.350000381469727
2024-04-05,16.160491310400506,14.424840150243641,18.10498256295195,13.90844848952407,18.777182774213728,13.437886470827129,19.43471393068372,16.030000686645508
2024-04-08,15.976401439893976,14.429433661254242,17.689218368564838,13.965541993568227,18.276798930266978,13.541264760432025,18.849450733323,15.189999580383303
2024-04-09,15.167283888504855,13.755173015355597,16.72436255783089,13.330555181426568,17.257083251492944,12.941698830053667,17.775603000455927,14.979999542236326
2024-04-10,14.924787777918032,13.639439051628024,16.331264751632418,13.250955108670036,16.81005545556091,12.894337343397437,17.27496995647865,15.80000019073486
2024-04-11,15.684185821266015,14.322757498218174,17.17502268027681,13.911483811951427,17.6827783578821,13.534033453811176,18.175932970427983,14.90999984741211
2024-04-12,14.89135365824339,13.610544437394289,16.29269238970523,13.223401010963268,16.769695904331122,12.86800027915468,17.232857395418556,17.30999946594238
2024-04-15,17.091333048459813,15.100762779071138,19.344298672000114,14.512560180662726,20.12833447282456,13.978264934343962,20.89770559832963,19.229999542236328
2024-04-16,19.035914286713574,16.699199028407744,21.69960559872776,16.012007696761362,22.630892989415635,15.38918493812964,23.54679823447147,18.39999961853027
2024-04-17,18.363179853533623,16.33530488653783,20.64279648744848,15.733342014181083,21.43259671271912,15.185384989215665,22.205981249253796,18.20999908447266
2024-04-18,18.1399708784682,16.339412871300212,20.13894538705597,15.800448089120284,20.82589946915836,15.307922986218014,21.495962827088395,17.999999999999996
2024-04-19,17.931910647299183,16.30704895732716,19.71867627945275,15.817562486629647,20.328885675939397,15.368917211904,20.922321008643504,18.709999084472653
2024-04-22,18.588354994444437,16.965403113391,20.366562414703765,16.475307639222105,20.972412107007052,16.025595834980102,21.56094194296873,16.94000053405762
2024-04-23,16.95760428563672,15.31515717116664,18.776192754301313,14.822644085880002,19.40007069198766,14.372193909323006,20.008103489454676,15.689999580383299
2024-04-24,15.685707243822614,14.135693605201087,17.405683697641887,13.671572597431496,17.996569888758337,13.247377434024756,18.572839263035785,15.970000267028809
2024-04-25,15.883865478291511,14.442321339714248,17.46929573147503,14.008104320397644,18.010801230619258,13.610136432043932,18.53744698241585,15.369999885559082
2024-04-26,15.333661059447268,14.013440032670385,16.778261507371298,13.614409811617834,17.270022332174047,13.248108070529979,17.747527438203008,15.029999732971193
2024-04-29,14.981207686998905,13.76203411817082,16.30838739635577,13.392276932199323,16.758657612685536,13.052301386421567,17.195173258447635,14.670000076293944
2024-04-30,14.623638542041425,13.48275257251332,15.861064204667485,13.135894754845303,16.279881058684527,12.816610323037626,16.685441689983076,15.649999618530275
2024-05-01,15.525533907023275,14.221185211467397,16.949515776207075,13.826352172152257,17.433535620741242,13.463645413623878,17.90319008655847,15.390000343322756
2024-05-02,15.335557467839191,14.120922432584834,16.654671390780297,13.751960095124657,17.10151289144404,13.412464841604557,17.53438503860141,14.680000305175781
2024-05-03,14.652148114844865,13.487345481361482,15.917546167704492,13.133595542737963,16.346281083557447,12.80813009334352,16.761653950636052,13.489999771118162
2024-05-06,13.491220714289115,12.290313787549719,14.809470246890342,11.9281184456667,15.259157359204982,11.595961542617127,15.69624353208959,13.489999771118162
2024-05-07,13.429392886111438,12.3179011770635,14.641178776897311,11.981141391179563,15.052705531236947,11.671651269852147,15.451849024600367,13.229999542236328
2024-05-08,13.184310488302419,12.148087147527063,14.308922955606738,11.833181177126914,14.689713649272965,11.54336535386334,15.058523898646676,13.0
2024-05-09,12.953588193415817,11.975555903414714,14.011495452729372,11.67766966388798,14.368915367035274,11.403230811742146,14.714728646185005,12.6899995803833
2024-05-10,12.649005093095953,11.715886580137722,13.656442365737426,11.431325285911921,13.99639375517987,11.16900935303443,14.32511378475109,12.550000190734862
2024-05-13,12.50051419775547,11.603992742144733,13.466300667420484,11.330188822981501,13.791725596958411,11.077615060858898,14.106182093329599,13.600000381469728
2024-05-14,13.479954236119845,12.334668762876976,14.731580531352911,11.988224597178077,15.157304130810004,11.670072369337815,15.570526082195661,13.420000076293945
2024-05-15,13.369142271465833,12.302525122130309,14.528234106442126,11.978660916141518,14.921030516344823,11.680720431130371,15.301621687507343,12.449999809265138
2024-05-16,12.444015739929252,11.37401062897676,13.61468111706328,11.050580003589012,14.013158375878332,10.7536656198882,14.400069074978074,12.420000076293949
2024-05-17,12.365274405694729,11.369584290283179,13.448161975350544,11.067418479332078,13.815327523185578,10.789509399186942,14.171173634609477,11.989999771118166
2024-05-20,11.958205365567784,11.02001242497103,12.97627171826624,10.734868968320407,13.320952122200696,10.472431962657721,13.654772461162265,12.149999618530273
2024-05-21,12.086066859852757,11.173325678020223,13.07336923224039,10.895329082810342,13.406938976381335,10.639215806113407,13.729678465295907,11.859999656677246
2024-05-22,11.821409636606983,10.950972822966936,12.761033020133391,10.685500448574041,13.078070275605409,10.440769810011746,13.384618983023746,12.28999996185303
2024-05-23,12.210532372363403,11.296783472395301,13.198190545199587,11.018342122535845,13.531718216625887,10.761759623488507,13.854342229603123,12.77000045776367
2024-05-24,12.68602352469076,11.713099950072984,13.739760913421097,11.417023874629313,14.09607220202407,11.144362263829665,14.440951313234086,11.930000305175783
2024-05-27,11.919940633543847,10.94826560914232,12.977853276464359,10.653600260145312,13.336804576640997,10.38268093828939,13.68480699269365,11.930000305175783
2024-05-28,11.875812590482921,10.959071593937983,12.869240197526057,10.68019373882575,13.205277744313554,10.423413786481177,13.530588689397545,12.920000076293944
2024-05-29,12.805988376745152,11.678515374166913,14.04231043511645,11.338225895120262,14.463756483799752,11.02605433702101,14.873256859864089,14.279999732971188
2024-05-30,14.139565360887678,12.693321634549953,15.750590298652211,12.261386516175026,16.30544052510487,11.867082874505794,16.847216009953137,14.470000267028807
2024-05-31,14.394997649618817,13.046112165711504,15.883349361133613,12.640686058655518,16.392777763090105,12.269482101700355,16.88872893044234,12.920000076293944
2024-06-03,12.940342173625078,11.57696281086634,14.464282066564646,11.170709171356794,14.990315565628592,10.800246415840322,15.504503242157835,13.109999656677244
2024-06-04,13.0406901383877,11.795417332004254,14.417429625319244,11.421626253287142,14.889263184960114,11.079597581069102,15.348896748381058,13.159999847412111
2024-06-05,13.098056525642777,11.947806168440351,14.359044859808634,11.60058515618593,14.788830256329842,11.282030380295708,15.206401593153364,12.630000114440918
2024-06-06,12.60082115504461,11.537187293967287,13.762513317647626,11.215312895703287,14.157491213843032,10.919668332989525,14.540798212865653,12.579999923706055
2024-06-07,12.525800012060362,11.531940674323153,13.605313309621243,11.230072882810736,13.971028289788132,10.952326969121206,14.325327063781076,12.220000267028807
2024-06-10,12.183608424168545,11.246624001224442,13.19865536691809,10.96152857027671,13.541935623466022,10.698998102914297,13.87422568035012,12.739999771118166
2024-06-11,12.653986118364704,11.666067495475934,13.725564741148807,11.365727549675187,14.088263508334993,11.089268223139635,14.439488833865715,12.850000381469727
2024-06-12,12.786192676487557,11.824836913670854,13.825706380039358,11.531963327328658,14.176833425478403,11.26211382070408,14.516522010256443,12.039999961853027
2024-06-13,12.02768956244961,11.062666856616733,13.07689349102409,10.769746292903724,13.432564916220958,10.500313811371669,13.777237405418218,11.9399995803833
2024-06-14,11.891190144157003,10.983047117097112,12.874423785761712,10.706620671835026,13.206819161574145,10.452027099442265,13.52851477509487,12.65999984741211
2024-06-17,12.563171118648794,11.53826237776289,13.67911938461681,11.227467997865435,14.05777941976396,10.941725603959476,14.424897339715425,12.749999999999996
2024-06-18,12.687797044113895,11.702114446543789,13.756504823807346,11.402371038438284,14.118133262805467,11.126424944242151,14.46827661529604,12.300000190734862
2024-06-19,12.268198587004685,11.33021413345799,13.283835132977172,11.044721973268235,13.627205549805872,10.78178631288805,13.959532511813242,12.300000190734862
2024-06-20,12.244470586910614,11.344345624367879,13.216016588182299,11.06979515191716,13.543797143143479,10.816685518049093,13.860720985513144,13.27999973297119
2024-06-21,13.165948881804733,12.04798735577351,14.387648728335366,11.709796487429381,14.803178701216577,11.399218371046482,15.206499631463942,13.199999809265138
2024-06-24,13.145094649695295,12.097326676212736,14.283611410545433,11.779168692915032,14.669414952294572,11.486470322049003,15.043221155393564,13.329999923706055
2024-06-25,13.263349527575661,12.25165632213222,14.358584346906154,11.943689781390885,14.728818640679348,11.660038252511713,15.087123805339745,12.840000152587889
2024-06-26,12.80817550423988,11.83926153142367,13.856384480737423,11.544183422676422,14.210564207180367,11.272344994047458,14.553259311530955,12.550000190734862
2024-06-27,12.508853193842526,11.585402935907888,13.505909901513713,11.303800907549101,13.842371208131143,11.044217590721647,14.167722334315243,12.239999771118164
2024-06-28,12.201096330501723,11.314683719546712,13.1569520948259,11.044148068478131,13.479242648971137,10.794667308732478,13.790767923505623,12.439999580383297
2024-07-01,12.373152621334008,11.48729504731272,13.327324244765427,11.216723956289545,13.648807475999249,10.967121986518942,13.959442229147507,12.220000267028807
2024-07-02,12.176505677414788,11.320044958549046,13.097765163922002,11.058216677994924,13.407884365944472,10.816577902765594,13.707412071077066,12.029999732971191
2024-07-03,11.985654795363098,11.153708356951157,12.879655472081797,10.89920580303665,13.180402633886054,10.664254965061058,13.47078828706417,12.090000152587892
2024-07-04,12.032113121332035,11.207063156679592,12.91790223188349,10.954518448292689,13.21571065381645,10.72130932382146,13.503177810835577,12.090000152587892
2024-07-05,12.035365570497788,11.218985551349176,12.911151703738858,10.968962729110682,13.205444123818932,10.738025285187401,13.489447134692195,12.479999542236328
2024-07-08,12.402712262774017,11.529554262824691,13.341996400429618,11.26263358810247,13.658197283063863,11.016300334220727,13.963605457934026,12.369999885559084
2024-07-09,12.320252407454076,11.469434554350508,13.234185056298397,11.209093205832001,13.541560998386878,10.968723661147074,13.838311919648124,12.510000228881836
2024-07-10,12.446357612705384,11.592073178814294,13.363599024414938,11.330592364477734,13.671996382908414,11.089136698861811,13.969691422349353,12.850000381469727
2024-07-11,12.77424213264166,11.877486121736984,13.738703660930351,11.60331231735606,14.06333446866489,11.350268361413198,14.376863776905449,12.920000076293944
2024-07-12,12.858731400180242,11.969412579790731,13.81412597483311,11.697310232623364,14.135469602305218,11.446090527566696,14.445716013145331,12.46000003814697
2024-07-15,12.42846554305563,11.552459054222188,13.370898354187773,11.284683590131554,13.688177831587774,11.037568385657625,13.994636350850376,13.119999885559084
2024-07-16,13.025353673007542,12.039551537320758,14.091873586903272,11.739337846480776,14.452249396484639,11.462771592196267,14.800943815580665,13.189999580383299
2024-07-17,13.127737875886332,12.16769123573961,14.163533442711087,11.874783490739377,14.51289632963658,11.604715489798602,14.850644282445176,14.479999542236326
2024-07-18,14.34396471204427,13.050840284990294,15.76521658126508,12.661157009916494,16.250436156760703,12.3039310998693,16.722242833638497,15.93000030517578
2024-07-19,15.77994648626233,14.166687261847027,17.57691876066994,13.684853828466903,18.195788879478208,13.244991718495234,18.80006544372476,16.520000457763672
2024-07-22,16.416260621985863,14.83708608748994,18.16351345674204,14.36331500355718,18.76263332957758,13.929907356926861,19.346403813299865,14.90999984741211
2024-07-23,14.925206968398887,13.382895191621364,16.645262468244336,12.922629529725988,17.238117252926166,12.502617351803453,17.817213530686054,14.720000267028807
2024-07-24,14.665048616734373,13.288096542969294,16.184684558524864,12.874292059495088,16.704891417510474,12.495441508467678,17.21136870477465,18.040000915527344
2024-07-25,17.768182642258143,15.222765966220543,20.739221446956698,14.485986235349413,21.79405042082925,13.823129731449312,22.83913415717777,18.45999908447266
2024-07-26,18.356757616734416,16.02484995204709,21.028000337469038,15.341317142438307,21.964903474121115,14.722754813244146,22.887737687270892,16.389999389648438
2024-07-29,16.42059068260675,14.310992261083527,18.84116722632458,13.69330742740215,19.691064397351813,13.134622041121233,20.52863017462924,16.600000381469727
2024-07-30,16.51579824224283,14.63967756949821,18.632349673246313,14.084088613764502,19.367358375741066,13.578906931412495,20.08789020767648,17.690000534057614
2024-07-31,17.553374241903764,15.647498275276945,19.69138720169484,15.080960777274045,20.431121851377487,14.564915510677503,21.155010961131072,16.36000061035156
2024-08-01,16.35575935774985,14.633522035979563,18.280688921702552,14.120314383719991,18.945106808460885,13.65231040485364,19.594548925104785,18.590000152587887
2024-08-02,18.382366429286627,16.198973348836237,20.860050094769743,15.554922885854946,21.723758968155842,14.970375733159393,22.572004975939908,23.38999938964844
2024-08-05,23.007617466784826,19.13938791604897,27.657648396061056,18.041698443333594,29.340389606916254,17.0631802766547,31.02296599550921,38.56999969482421
2024-08-06,37.410784104718324,26.24229187967165,53.33248992684235,23.420224992450027,59.758895048233846,21.034931527215978,66.53536121660393,27.709999084472653
2024-08-07,28.078408108360925,19.789406140780883,39.83934617800303,17.688114209409477,44.572134291187915,15.909414516650685,49.555374968358365,27.850000381469723
2024-08-08,27.720379162786433,20.69971076364009,37.12222985639032,18.848125306674458,40.769010627095795,17.25225504143825,44.54023077464221,23.79000091552734
2024-08-09,23.88530943309782,18.3712897812548,31.054325173018135,16.88746789816367,33.78292175920988,15.5967100040656,36.57874042449447,20.370000839233395
2024-08-12,20.447861863663057,16.058121999880044,26.03760606617445,14.860026697506852,28.136897954940785,13.811026816212484,30.274002096978716,20.70999908447266
2024-08-13,20.600832694957177,16.80385740885154,25.255767018236188,15.740580118772142,26.961795850172376,14.79853166224789,28.678136278092826,18.120000839233402
2024-08-14,18.168502098680552,15.019390409160298,21.977887218940367,14.129536428382112,23.362016877404148,13.33784068704034,24.748718796026306,16.19000053405762
2024-08-15,16.214501840951105,13.581711060100504,19.357654480116825,12.831122982413428,20.49002805994114,12.160581695273901,21.619859685855683,15.229999542236332
2024-08-16,15.211343785426871,13.010229676017381,17.78484973135962,12.37383195981199,18.69954113729215,11.801587385952427,19.606259072729916,14.80000019073486
2024-08-19,14.756524898204086,12.885392138166393,16.899371376236896,12.336824604781999,17.650816482136815,11.840357754040474,18.390916186380355,14.649999618530272
2024-08-20,14.592768556067549,12.96785627415991,16.421287345332576,12.485844032806499,17.05522618826821,12.047217586002025,17.676188929996968,15.880000114440918
2024-08-21,15.743582287238938,13.999639622018288,17.70476883170871,13.48209284365752,18.384414505175762,13.011034618300126,19.05001335454492,16.270000457763672
2024-08-22,16.177956982557685,14.548686905547292,17.989684830573466,14.061518950113344,18.61294594545757,13.616551357355334,19.221187895575973,17.549999237060547
2024-08-23,17.404681924088877,15.618739852462776,19.394839515874317,15.08548123034867,20.080430199952236,14.598737406046302,20.74994189245747,15.859999656677246
2024-08-26,15.874057696922698,14.17742121100394,17.77373360182384,13.672440600449178,18.430192174830317,13.212193311375744,19.072208665632388,16.149999618530273
2024-08-27,16.063597902007437,14.511144823937522,17.782137845645188,14.045544870612677,18.371603233226644,13.619678148558851,18.946055460545654,15.430000305175783
2024-08-28,15.39875870566384,13.993820000359316,16.94474915849778,13.570778884003069,17.472966857839808,13.183118038094552,17.98677437234953,17.110000610351562
2024-08-29,16.942008596483063,15.18935841838005,18.896891322017932,14.666366776803818,19.570740296586095,14.189133368569943,20.228977191736313,15.649999618530275
2024-08-30,15.655484630373579,14.030836516028565,17.468252782496062,13.546158275179433,18.09326260870201,13.10393613845663,18.703860917986002,15.0
2024-09-02,14.967427453319536,13.517045954563454,16.573435151690905,13.08214164550417,17.124404446986837,12.684386569198075,17.661388932625886,15.0
2024-09-03,14.933645560818308,13.611462036534789,16.384262699888723,13.212550231243803,16.878934485243146,12.846662205136992,17.35966636119473,20.719999313354492
2024-09-04,20.277382008045407,16.297994868856648,25.22839308815223,15.194688809012368,27.060259428039526,14.22166219252378,28.911685254087505,21.31999969482422
2024-09-05,21.193890115797704,17.569594733195974,25.56581327353132,16.543527578584754,27.151463078646103,15.629844854901785,28.73867158698231,19.899999618530273
2024-09-06,19.88421620701627,16.862539137167804,23.447361690380397,15.993890421076047,24.720817997249206,15.214882657862496,25.986533255519355,22.3799991607666
2024-09-09,22.14284113648112,18.87913806225593,25.970752053330354,17.937515814839287,27.334075613180634,17.091647549139353,28.686843218934136,19.450000762939453
2024-09-10,19.510033059059758,16.641339373615004,22.873242436790576,15.813450121689785,24.07073643236877,15.069652325996227,25.25880370239007,19.07999992370606
2024-09-11,19.015012958461313,16.562426339361213,21.830781939912125,15.844596711862806,22.819811976643408,15.195450373103613,23.79466938672922,17.690000534057614
2024-09-12,17.682765175446335,15.547999971641206,20.110637047870537,14.919227142195316,20.958202544261805,14.348940303353146,21.791169078660722,17.069999694824215
2024-09-13,17.026363285276858,15.170808299588003,19.108872842991268,14.619396904131667,19.829617365425953,14.117200888391327,20.535023126334348,16.559999465942383
2024-09-16,16.512739351150383,14.875886396513256,18.329701747584025,14.385875638551116,18.954046853312896,13.938065911112904,19.56301273203397,17.13999938964844
2024-09-17,17.032496439108115,15.453135440774949,18.773273298488757,14.978094463700948,19.36868108632212,14.543005350186428,19.948141939211464,17.61000061035156
2024-09-18,17.50671182503429,15.975088425606534,19.1851807488921,15.512632198158395,19.757121487169687,15.088307947225031,20.312745471314614,18.229999542236328
2024-09-19,18.116236532901397,16.581377309901953,19.79317037312939,16.11700770067453,20.363459037268772,15.690525480849159,20.91695568237077,16.32999992370606
2024-09-20,16.352961536149824,14.732025203564351,18.15224636855051,14.24677754433377,18.770514958251287,13.803319968797897,19.373553000820902,16.149999618530273
2024-09-23,16.087544027337167,14.629680184626046,17.690685617549416,14.190504010011841,18.238187498408365,13.7879723772843,18.77064050823745,15.890000343322754
2024-09-24,15.832733404175084,14.499979000803211,17.287986902173834,14.096595593783155,17.782694082409076,13.726054885661902,18.262745496488915,15.390000343322756
2024-09-25,15.347113161856779,14.10823795010839,16.694776713843847,13.732326527463693,17.151782833869138,13.386615385203992,17.5947299317473,15.409999847412111
2024-09-26,15.339922150298726,14.165612139055211,16.611580866911968,13.808214864468919,17.04153751132087,13.479065923998675,17.45767940479201,15.369999885559082
2024-09-27,15.303231945326807,14.178690172549087,16.516963493981734,13.835682381504625,16.926444357058372,13.51945848844964,17.322358596873563,16.959999084472656
2024-09-30,16.796524106423398,15.242288727024434,18.509242746298366,14.774738586763519,19.094972164882332,14.346481871313719,19.664976026058167,16.729999542236328
2024-10-01,16.667574160579335,15.24492108354747,18.222988946674587,14.814697476442593,18.75219044061918,14.419660420715106,19.265920298602616,19.260000228881836
2024-10-02,19.0314622013012,16.85460877327262,21.489466672991746,16.21034458408384,22.34354437321337,15.624695150240726,23.181031696095264,18.899999618530273
2024-10-03,18.83502079933846,16.90926012206168,20.980102378853115,16.334095416654467,21.718864709814063,15.809033506136668,22.44020852848495,20.489999771118164
2024-10-04,20.311648832350162,18.194472565073973,22.67518757760892,17.563075897441003,23.490365850370406,16.987079534043854,24.28687506065377,19.209999084472653
2024-10-07,19.191214140176765,17.28312223976293,21.3099632731159,16.712039513175032,22.038165951185498,16.190193928980364,22.7485045447702,22.639999389648438
2024-10-08,22.34097453207455,19.4488622675297,25.663153771009725,18.602698596089905,26.83046980870363,17.83762677633602,27.981252736207683,21.42000007629394
2024-10-09,21.38950288726515,18.897157402165654,24.21056373864423,18.160713821545688,25.192337606330092,17.491776574439132,26.15576707244753,20.86000061035156
2024-10-10,20.79740875649302,18.61620261903402,23.23418045216229,17.96602342408817,24.075010967910103,17.3730256686726,24.89676923488369,20.93000030517578
2024-10-11,20.833312446417246,18.856388693105707,23.017498978939326,18.262716998579577,23.765735817063863,17.71937958712891,24.494475405070858,20.459999084472653
2024-10-14,20.394319756688166,18.604742961278216,22.356034652223187,18.064503781334327,23.02461686037627,17.56885443371638,23.674183192037468,19.700000762939457
2024-10-15,19.652681384609842,17.999414350760052,21.457802908386363,17.49900243472066,22.071423045159186,17.0393248076445,22.666853878606357,20.639999389648434
2024-10-16,20.495993560966156,18.776391167842313,22.373082681118866,18.255815613918163,23.011064579930046,17.777579083843605,23.630087655351407,19.57999992370605
2024-10-17,19.549368143028637,17.92419503724795,21.321894455927648,17.431931142866592,21.92400782560777,16.979585456671533,22.50807569872088,19.11000061035156
2024-10-18,19.049978986108965,17.53703390350898,20.693448012242264,17.077527574590285,21.250248186462066,16.654750538220657,21.789680880441722,18.030000686645504
2024-10-21,18.006347559848457,16.53087966401585,19.613508720400162,16.083574580202356,20.1589858541248,15.672375560130702,20.68790089939349,18.370000839233402
2024-10-22,18.268891200563676,16.83823658790326,19.821100859088983,16.403374446366268,20.346568737383596,16.003121456553814,20.855455393756955,18.200000762939457
2024-10-23,18.12757645421235,16.770913695742916,19.593984803984007,16.35750784659812,20.089186640473166,15.976557028453485,20.56820049013545,19.239999771118164
2024-10-24,19.095713100002055,17.568092266812847,20.75616710451983,17.104322996901438,21.31895304266928,16.67770741097528,21.864291644643153,19.07999992370606
2024-10-25,19.00361010339502,17.558651563529487,20.567478980673194,17.1187194242149,21.096040422919646,16.713488406754692,21.60752968936784,20.329999923706055
2024-10-28,20.1692264583505,18.500031550023454,21.98902714453533,17.99429658982201,22.607035173484913,17.52951336512447,23.206445464570795,19.799999237060547
2024-10-29,19.74081203988187,18.185745242774797,21.428852917027022,17.713225102665927,22.00049159513551,17.27837938629238,22.554178912352693,19.34000015258789
2024-10-30,19.278864843148256,17.812499798057246,20.86594435672163,17.36605820340253,21.402360010952606,16.954834622814644,21.921454140298582,20.350000381469727
2024-10-31,20.202831380199836,18.597226914505885,21.947056819445795,18.109597634078444,22.538015698853894,17.660953851270556,23.11055219406646,23.159999847412113
2024-11-01,22.89464646313791,20.416503322530758,25.67358515763215,19.679669514556938,26.634839385100012,19.008426811971304,27.575392843239385,21.879999160766605
2024-11-04,21.851857418710487,19.651665550385317,24.298381805011427,18.993775281445412,25.140008532906833,18.392869300060788,25.961347566693924,21.97999954223633
2024-11-05,21.87720414351921,19.87220122239503,24.0845015497247,19.2686570132686,24.83889047418493,18.715667151704665,25.572802575387815,20.489999771118164
2024-11-06,20.478601788205097,18.584336489772404,22.565945866868717,18.014483432750968,23.279775563113947,17.492515452754713,23.97443251272557,16.270000457763672
2024-11-07,16.404622612235745,13.891458104487556,19.372454714666805,13.169700724775701,20.43415022663392,12.522720004441913,21.48987144601334,15.199999809265135
2024-11-08,15.188286679202246,13.0658421163626,17.655505875181397,12.449801007983396,18.52913569475584,11.894860577347991,19.39359026106924,14.939999580383303
2024-11-11,14.887112993680356,13.058906417446948,16.971262845601657,12.521280738592122,17.699957209930417,12.034022910318352,18.41662883129275,14.970000267028805
2024-11-12,14.901348927637297,13.277501219338472,16.723794349179542,12.794942861495661,17.354528446658556,12.355453266709334,17.971837622622207,14.710000038146969
2024-11-13,14.657893730782744,13.217245297017568,16.255569431809004,12.785701363088451,16.804228608310076,12.3912081958885,17.33921706635599,14.020000457763675
2024-11-14,13.993169644596989,12.688550856050155,15.431927485171018,12.296293179875144,15.92421340627622,11.937087681678152,16.403397706712934,14.310000419616703
2024-11-15,14.229909920931181,12.994092990903537,15.583260524575916,12.62077718510536,16.04420499529841,12.278168163894954,16.491901206668313,16.139999389648434
2024-11-18,15.963701042202581,14.241291563282768,17.89442690871196,13.729029495247785,18.562109656260183,13.262311266975253,19.215334781004678,15.579999923706053
2024-11-19,15.540034730905209,14.013815588342757,17.2324716216919,13.556614444765003,17.813642220310726,13.138656382720484,18.38031777399576,16.350000381469727
2024-11-20,16.234352513854542,14.70449744964354,17.923373610465298,14.244858208578213,18.50170761161973,13.824094138188022,19.06484424292559,17.15999984741211
2024-11-21,17.03908239591477,15.467743208704814,18.770051000806816,14.994938837882788,19.36188816997975,14.561822799794847,19.93777378604435,16.8700008392334
2024-11-22,16.81053796370604,15.374770433867624,18.380384139375643,14.940598071005542,18.91451635912877,14.541942591133303,19.433042377811955,15.239999771118166
2024-11-25,15.255646214987262,13.769216545665898,16.9025405813748,13.323678501240563,17.467754225320384,12.916272949571285,18.018722765113143,14.600000381469725
2024-11-26,14.56813443499364,13.219658425749374,16.054162224241953,12.81401451430176,16.5623771285085,12.442465223573945,17.056952710138805,14.100000381469725
2024-11-27,14.062864708031316,12.832839265319217,15.41078787847448,12.461441243831768,15.870087570671899,12.12066445163169,16.316280727478567,14.100000381469725
2024-11-28,14.036595768845153,12.890124822776274,15.285035908250128,12.542492243849491,15.70868189091989,12.222891558365298,16.11942802872352,14.100000381469725
2024-11-29,14.036575550423844,12.95010761523161,15.214194278279182,12.619647665434652,15.612595407272044,12.315394380717283,15.998306435987729,13.510000228881838
2024-12-02,13.479744148914673,12.43652281193412,14.61047473380873,12.11921425292477,14.99301015132629,11.827068333553525,15.363359473006888,13.340000152587892
2024-12-03,13.28859883491345,12.299068138316331,14.357742961446574,11.997454297948424,14.71869403373844,11.719483945190884,15.06780160467099,13.300000190734865
2024-12-04,13.241883567131854,12.28708243615107,14.27088011467792,11.995560230872625,14.61769830092553,11.726676897158006,14.952870446014643,13.449999809265135
2024-12-05,13.381197088814806,12.431458404114695,14.403493919139839,12.141246948711238,14.74777972032866,11.873471013291775,15.080378377077844,13.53999996185303
2024-12-06,13.474102220992762,12.531991692299464,14.487037265857753,12.243893414632158,14.827916620443435,11.977973110017414,15.15710788413167,12.77000045776367
2024-12-09,12.75179519176529,11.78920066647107,13.792986073703235,11.49601307224253,14.144754324031776,11.225901580399997,14.485097651010614,14.189999580383303
2024-12-10,14.046199454434731,12.712927437784757,15.51929876728232,12.312553131500977,16.023948648716285,11.946127987565626,16.51545331835737,14.180000305175783
2024-12-11,14.116637349087677,12.883226960439309,15.468131599139497,12.510781445396171,15.928617322220889,12.169032613243209,16.375948391229315,13.579999923706051
2024-12-12,13.550046467346561,12.405246221222713,14.800492952178928,12.058828856753557,15.22567087138181,11.740649697086052,15.638296346821438,13.920000076293944
2024-12-13,13.83877011419634,12.719469658760518,15.056567876764456,12.379879637103173,15.469581602360917,12.067588606682474,15.869911091228577,13.8100004196167
2024-12-16,13.753583067012897,12.69771900381166,14.897246278992368,12.376420807488957,15.283986390214107,12.080539460156535,15.658327825930785,14.689999580383303
2024-12-17,14.575442627795944,13.368816108589028,15.890975391581838,13.00323750579888,16.337741097279082,12.667264423168232,16.77106600913889,15.869999885559084
2024-12-18,15.734108361587362,14.288838951043877,17.3255620545774,13.853851669766389,17.869555112563717,13.455328437517851,18.398819997874533,27.620000839233402
2024-12-19,26.694778039659884,18.699404956513835,38.10876208328081,16.68105278973254,42.719796140524856,14.975822497707,47.584109299894415,24.090000152587887
2024-12-20,24.158765287808766,17.830686919439174,32.73266716354813,16.1750128533592,36.08318246932479,14.753190299054506,39.560659653989426,18.360000610351562
2024-12-23,18.544925054925503,13.660075370326153,25.176599394165144,12.383745197783925,27.77142454080428,11.288368615627725,30.466248667383653,16.780000686645508
2024-12-24,16.78442118524714,12.896906127354216,21.843750101138937,11.851479909674001,23.770600521696554,10.942357615222095,25.745529841930235,14.270000457763674
2024-12-25,14.328139849459337,11.23536183602963,18.272272361297826,10.392103667413863,19.75495993072148,9.654128281067647,21.2650573483949,14.270000457763674
2024-12-26,14.205457684202852,11.572242693853955,17.43784963348994,10.835500731597449,18.623507396314647,10.183021419030531,19.81681268395973,14.729999542236328
2024-12-27,14.638800317898314,12.285233964003455,17.443255486643288,11.613389303489123,18.45236297063745,11.01283701473901,19.458607664900438,15.949999809265135
2024-12-30,15.811514028846766,13.48536230870169,18.538914280641773,12.814090412650192,19.510083652727452,12.211019642724393,20.47363637101151,17.399999618530277
2024-12-31,17.242795010696366,14.848485114713018,20.023186034398485,14.153055538244043,21.007052433130138,13.526399894639228,21.98027428560106,17.350000381469723
2025-01-01,17.27453003847244,15.178474026683759,19.66003878423371,14.561390643515002,20.49319294809147,14.001827559006177,21.31217419958479,17.350000381469723
2025-01-02,17.271931892973566,15.420526495458212,19.345619061928986,14.869609180683444,20.062372029458132,14.367548922550187,20.76343243538904,17.93000030517578
2025-01-03,17.818997120454725,16.061916771833296,19.76829184768168,15.5357118810031,20.437857036150994,15.054738648641093,21.09081172308722,16.1299991607666
2025-01-06,16.146627268832177,14.424856332690496,18.07391118119837,13.9122997714865,18.739789714201805,13.445107236789843,19.390962642916254,16.040000915527344
2025-01-07,15.972272911169522,14.436763710568124,17.67110046707555,13.97607237458458,18.253590501778053,13.554621428996567,18.821145487924227,17.81999969482422
2025-01-08,17.642349083514567,15.738600141001086,19.776376450008055,15.172411196275178,20.514371589203943,14.65656284563455,21.23638976359957,17.700000762939453
2025-01-09,17.62678316518024,15.913588565155672,19.524413584035756,15.399988679270805,20.175565789246633,14.930307242510242,20.810253915447404,17.700000762939453
2025-01-10,17.62056078772811,16.052828785098644,19.34139874227242,15.579983824101257,19.92840082373654,15.146347688560434,20.498945941173695,19.540000915527344
2025-01-13,19.352157388084287,17.386413933317915,21.540151811036335,16.79901644996131,22.293328701041172,16.262663257433857,23.028577155220507,19.190000534057617
2025-01-14,19.122379670875503,17.35413359804543,21.070795739310036,16.822179340143062,21.737100579145473,16.334920516925433,22.385502512744306,18.709999084472653
2025-01-15,18.65100911726863,17.04076078342718,20.413416132849267,16.554155176157582,21.013463833747878,16.107497006266588,21.596163634679137,16.120000839233395
2025-01-16,16.173185271968066,14.30663397252789,18.283260922428326,13.7546367797505,19.01699957838868,13.253041824134263,19.736746123072887,16.600000381469727
2025-01-17,16.499823254386044,14.781631137088466,18.417735153929865,14.269183369147193,19.07916945090386,13.801682653180269,19.725433069803724,15.970000267028809
2025-01-20,15.930496009766177,14.398727146041988,17.625217878160637,13.939163887778019,18.206307434242397,13.518747446946696,18.77250123305575,15.970000267028809
2025-01-21,15.897930758694342,14.49437144820558,17.437403430110773,14.070830018627655,17.962280979419443,13.682317875797386,18.472323527530243,15.060000419616697
2025-01-22,15.0383443140659,13.715899849498781,16.48829476665087,13.316734337655324,16.982526944981974,12.950538552488142,17.462733213125603,15.100000381469727
2025-01-23,15.029450543237456,13.795009202012672,16.374355415338503,13.4208266353914,16.83088454745046,13.076870343760278,17.27358134581513,15.02000045776367
2025-01-24,14.956058079065855,13.792306074887495,16.218003867508838,13.438443944190292,16.645057582064325,13.11268939655318,17.058565676327913,14.850000381469727
2025-01-27,14.791421844173309,13.685394776020988,15.986835875252636,13.348347561898686,16.390505203564455,13.03775394369302,16.78097018222411,17.899999618530277
2025-01-28,17.64353092152176,15.361390399835887,20.264714018466723,14.693635444029288,21.185647661157116,14.089851628864386,22.09350329431284,16.409999847412113
2025-01-29,16.41182926945118,14.425237066309641,18.67200786590059,13.840250015945264,19.46121924526653,13.309736544136628,20.236924981679742,16.559999465942383
2025-01-30,16.47668006205248,14.7017471547157,18.465899529509866,14.173796228294618,19.153724344173256,13.692755158027166,19.826615077396323,15.840000152587887
2025-01-31,15.805697550477385,14.22971737061571,17.556221852518583,13.758133612333774,18.157991635813904,13.32725092963107,18.745056754482704,16.43000030517578
2025-02-03,16.3229971158876,14.794657138698664,18.009219973631033,14.335268443361931,18.586344294700137,13.914646173732878,19.148186128386264,18.620000839233402
2025-02-04,18.411570950949454,16.318347248272957,20.773301347519865,15.69851057147006,21.59350999182733,15.134929087596793,22.397590561534088,17.20999908447266
2025-02-05,17.205342322950262,15.33628418821188,19.302185641385023,14.78071460816487,20.02770585167648,14.274669738977236,20.73769900550521,15.77000045776367
2025-02-06,15.772315967886174,14.04687787627857,17.709697000422885,13.534292972014688,18.380417174744103,13.067525953743834,19.036958630992114,15.499999999999998
2025-02-07,15.443686236228256,13.914460837434431,17.14097638058698,13.456633218264862,17.72415437758509,13.038219396422209,18.292946092663115,16.540000915527347
2025-02-10,16.407504400720494,14.792595809652063,18.198712661641657,14.308902773111946,18.813895441761712,13.866759279353708,19.413779040679312,15.8100004196167
2025-02-11,15.776521820843026,14.317455155146678,17.384279403457032,13.878517914519454,17.934093704857553,13.47646256458629,18.469137547830748,16.020000457763672
2025-02-12,15.935756212860987,14.565102754415548,17.435395435075165,14.150802868424107,17.945859923071513,13.770472413038403,18.441511551578266,15.890000343322754
2025-02-13,15.824684003275147,14.546957043024637,17.21463967088503,14.15926218867995,17.685993836862394,13.8027165793232,18.142850529775306,15.100000381469727
2025-02-14,15.072589700024885,13.845798968674186,16.408078781101235,13.473734844447955,16.86117196813549,13.131639561063245,17.300426135584676,14.770000457763672
2025-02-17,14.71990462740918,13.568856850338847,15.96859592741678,13.2189551594791,16.39127976651374,12.89688845887167,16.800609924711935,14.770000457763672
2025-02-18,14.70231845755684,13.599204045154924,15.894913210338117,13.263106170025948,16.29770321193121,12.953414019898606,16.68735112576202,15.350000381469728
2025-02-19,15.248276746307546,14.076899118288935,16.51712793976784,13.720463200895349,16.946216780553783,13.392229332930984,17.361556313873024,15.270000457763668
2025-02-20,15.204666266987642,14.079411406481302,16.419853757810493,13.736315250719795,16.829977477282913,13.420065633145889,17.22658313380238,15.659999847412111
2025-02-21,15.567677073449373,14.416413503240562,16.81087805983954,14.065373257312489,17.23043996270798,13.741795158695792,17.636165192714344,18.20999908447266
2025-02-24,17.981002348646726,15.92886452826546,20.297519944897534,15.321394836358492,21.102285328147264,14.769143004990871,21.891347747989315,18.979999542236325
2025-02-25,18.85271441351063,16.84410945609276,21.100838942175663,16.24612387518827,21.877516353313695,15.701045829464917,22.637016961659565,19.430000305175785
2025-02-26,19.318447895120354,17.429828424432277,21.411709856727168,16.863876547348557,22.130287068257573,16.3464217238242,22.830833278487706,19.10000038146973
2025-02-27,19.03116259604332,17.32196707023185,20.909008098708416,16.80677194528242,21.549953253141027,16.334433098493506,22.173108033387578,21.129999160766598
2025-02-28,20.922446171124047,18.782263553977813,23.30649618058812,18.143080355560446,24.127587223600827,17.559586278681223,24.929331866722066,19.629999160766598
2025-03-03,19.61897454146948,17.6628639215088,21.791718702543694,17.07753096488735,22.53863060475303,16.542715609071067,23.267290035970177,22.78000068664551
2025-03-04,22.49614641412327,19.71959378362677,25.66364241771897,18.90347152511684,26.77162249342682,18.16397112458509,27.86156177052563,23.510000228881836
2025-03-05,23.365115316532023,20.742711212928644,26.319057723494197,19.965322866719095,27.343840988660748,19.25812701602877,28.34795997037803,21.930000305175785
2025-03-06,21.913285091228662,19.572938107339873,24.533468652281275,18.876323779196007,25.438854996686068,18.241400597819606,26.324297902150217,24.8700008392334
2025-03-07,24.590815527381487,21.651045851720344,27.929745862768918,20.78439010053441,29.09434462001164,19.99801876900701,30.238405878430573,23.370000839233395
2025-03-10,23.3442292450735,20.772129852144232,26.23481765834866,20.008473435360223,27.23611278027187,19.313268407303116,28.216510409003394,27.860000610351566
2025-03-11,27.470538313581308,23.646050755309904,31.913594496048376,22.535539103526787,33.486240190270834,21.53498217348473,35.04207568683705,26.920000076293945
2025-03-12,26.850032473265745,23.556097309839597,30.60457062699806,22.587347856091487,31.917170993627828,21.709317159934095,33.20805709844876,24.22999954223633
2025-03-13,24.26048327035182,21.277343434385067,27.66186720283254,20.400189484304526,28.851254002510846,19.605257095701226,30.02108289822297,24.659999847412113
2025-03-14,24.52562914518036,21.837883302301087,27.544175259125907,21.039536178503994,28.58934150751275,20.31259913509002,29.612482428593676,21.770000457763675
2025-03-17,21.820819227322175,19.224904528372853,24.76725702584142,18.45927948431737,25.794514469321456,17.76443632255298,26.803448367622867,20.51000022888184
2025-03-18,20.48384611403761,18.19912125443037,23.055396233564288,17.521478556307404,23.947063044661256,16.90487086812388,24.82053574362145,21.700000762939457
2025-03-19,21.53587737092913,19.26810315690933,24.070559014491565,18.592333383284082,24.945444155636928,17.976086642901844,25.800610741873236,19.899999618530273
2025-03-20,19.904736514836305,17.811574927842905,22.24388002353029,17.187770891707235,23.051187860330153,16.618884250329426,23.840260859702667,19.799999237060547
2025-03-21,19.71596421868937,17.836518851909897,21.79344794239467,17.27230060567025,22.505354321185713,16.755996637924827,23.19881374246809,19.280000686645504
2025-03-24,19.2207448648959,17.517152024345265,21.090016952983,17.003202477072307,21.727497138235194,16.531815528799502,22.347033362297,17.47999954223633
2025-03-25,17.494333542508485,15.770165752150913,19.40700629952445,15.253797754429113,20.06396774256902,14.781807463663048,20.704619976202526,17.149999618530273
2025-03-26,17.089653889020333,15.535916695989663,18.798779355060343,15.06796078940647,19.382600879333186,14.63909437074668,19.950432905885503,18.32999992370606
2025-03-27,18.180593588992966,16.485629368240645,20.049824963607495,15.976005933091907,20.689400381573495,15.509323559320586,21.311953547419048,18.690000534057617
2025-03-28,18.585783596674005,16.958110422948792,20.36968407959751,16.4666848536757,20.97758929450145,16.015793575462055,21.56816958677809,21.64999961853027
2025-03-31,21.380670376484915,18.852547790584445,24.247813654990775,18.106507915944917,25.24689287796572,17.429266285649383,26.22790071916488,22.280000686645504
2025-04-01,22.145596663389448,19.7538191872042,24.826968746135265,19.042537368368233,25.75431215338877,18.39451795585418,26.661609331352118,21.770000457763675
2025-04-02,21.699247468040145,19.57205117884578,24.057638945281695,18.93473304048289,24.86738733905268,18.35208149725005,25.65689024156752,21.51000022888184
2025-04-03,21.427119072380478,19.498560044141076,23.546427567092476,18.917326365470444,24.269890092925596,18.384478003044922,24.9733188870486,30.020000457763672
2025-04-04,29.349672539644413,23.506881091753044,36.64472861465934,21.890796067607944,39.350020690155965,20.467106708057667,42.08720316317268,45.31000137329102
2025-04-07,44.12819470055329,31.84484705332531,61.14953431144202,28.680111001069307,67.89714194123364,25.98139080208453,74.94970466991722,46.97999954223633
2025-04-08,46.679135443636,35.42615630165915,61.50657912789896,32.425413282320726,67.19857868252177,29.82597793439842,73.05516320564067,52.33000183105468
2025-04-09,51.7991533147133,40.641653202687685,66.01976230493825,37.5983211874472,71.36361942184236,34.934475036362436,76.80528421647517,33.619998931884766
2025-04-10,34.26889882462063,24.508190158336312,47.9169379323848,22.00886916970262,53.35837191802221,19.88356502870274,59.06171378004152,40.72000122070313
2025-04-11,40.11860000060871,29.709452296346257,54.17474714627378,26.97976902746962,59.65588750482325,24.633179137384154,65.33878786137699,37.56000137329101
2025-04-14,37.555050417711556,29.083048009678997,48.49497932291946,26.792636291439216,52.64065083164296,24.795988913887943,56.87943387839305,30.889999389648434
2025-04-15,31.077503208393352,24.27425389699817,39.7874723468693,22.424235453753926,43.06997255980103,20.807170167959264,46.417230112095744,30.1200008392334
2025-04-16,30.024790734711956,24.346416777974255,37.027545650118185,22.76263131289336,39.60385977664269,21.362008302857955,42.20052936420954,32.63999938964844
2025-04-17,32.351925274571414,26.874330510900492,38.94597740944364,25.321443366896574,41.33441580742444,23.93776179162342,43.72368135678029,29.64999961853027
2025-04-18,29.670178296001247,25.09229953266841,35.08325249227913,23.778718363180726,37.02131740958762,22.60170370493543,38.94925318945191,29.64999961853027
2025-04-21,29.515787508831163,25.557935859715055,34.08654427526161,24.40410650007151,35.69816056424442,23.362592052368473,37.28959998589515,33.819999694824226
2025-04-22,33.42803026075007,28.73201351027532,38.891573217240726,27.36977800264581,40.82726600871959,26.142981942554087,42.743142674735466,30.569999694824222
2025-04-23,30.60069898981635,26.53369169757715,35.291085361893025,25.346949717978823,36.943410906802264,24.275268414428936,38.57435323387652,28.450000762939446
2025-04-24,28.432174866137146,24.904956986566653,32.45894253319261,23.868691473538895,33.86815605349751,22.929927910478856,35.25473655105438,26.469999313354492
2025-04-25,26.453029180799888,23.35255656812191,29.965145392067356,22.436897927389445,31.188034776680404,21.605374632162846,32.388364689522604,24.840000152587887
2025-04-28,24.81185054877919,22.06929008311845,27.89523021974635,21.255239890313007,28.96358407770896,20.514249919949425,30.009770284424416,25.149999618530277
2025-04-29,25.018869293853225,22.523954827312075,27.790138345682763,21.777402967573572,28.74281298256447,21.09528667396936,29.672212111499697,24.17000007629394
2025-04-30,24.11131655056144,21.86518755703448,26.588181980371072,21.189809738173114,27.435620847226147,20.571324041433577,28.260484576998792,24.700000762939453
2025-05-01,24.55868910027067,22.418182051763825,26.903573578407094,21.771724902468108,27.70240819345374,21.178504886891215,28.478365849945813,24.600000381469723
2025-05-02,24.493196251401187,22.495589486102595,26.668190357059622,21.88982313120998,27.40619049380561,21.332881049698035,28.121689762018562,22.68000030517578
2025-05-05,22.675364546083824,20.652682272845336,24.896144263732836,20.042722181013474,25.653808532299664,19.483384717211248,26.390289200807363,23.639999389648438
2025-05-06,23.479141373707517,21.44823800802198,25.702348110849957,20.834586254933974,26.459372550102557,20.27134292651772,27.19455152255387,24.76000022888184
2025-05-07,24.585926873888372,22.455936327127716,26.917951291034075,21.812408777944793,27.712106737123992,21.221771306802555,28.483381123536407,23.549999237060543
2025-05-08,23.506509123493696,21.51087477580915,25.687285009640316,20.90717494283247,26.429011699752536,20.352763225825072,27.148941155654434,22.479999542236325
2025-05-09,22.43347326816794,20.55029872344683,24.4892169036653,19.98022378947886,25.187942246102942,19.45652182115951,25.865914139201156,21.89999961853027
2025-05-12,21.830260305770395,20.073949424611364,23.74023441712048,19.54092810850307,24.38780094637999,19.050684080899394,25.01538858100658,18.389999389648438
2025-05-13,18.47837891156844,16.199231215721788,21.07819085069361,15.529270923490325,21.98754139081976,14.92219228183767,22.88205920085139,18.21999931335449
2025-05-14,18.145044833947928,16.15221964038931,20.383740399535874,15.560392321978867,21.159019979266787,15.021547414285429,21.918025017374177,18.620000839233402
2025-05-15,18.51260983566578,16.660285026029246,20.570879933455213,16.10615322709546,21.278620543050298,15.599908034080553,21.969150214146687,17.829999923706055
2025-05-16,17.789025328335253,16.11890808093157,19.632187276165944,15.61699775396626,20.263140657222948,15.157482246258628,20.877439735102673,17.239999771118164
2025-05-19,17.191095367520504,15.668776041432404,18.861317511573027,15.209487129025433,19.430882673959143,14.788222537651999,19.9844003687889,18.139999389648438
2025-05-20,18.006933489179108,16.418770536114828,19.74871705347843,15.939491673433858,20.342534148949227,15.499838608206085,20.919550317901535,18.09000015258789
2025-05-21,18.00919377367639,16.523063011327086,19.62899131689356,16.072714898695292,20.178984224012595,15.65879997251532,20.71238287398126,20.870000839233395
2025-05-22,20.614972802231968,18.2630839282885,23.269733923661047,17.566860611048188,24.191977897831453,16.93391340415879,25.09621334973839,20.28000068664551
2025-05-23,20.21800301136395,18.140082508890803,22.5339463349837,17.51971834846443,23.33186171359596,16.953499075979593,24.111107915573633,22.290000915527344
2025-05-26,22.074679295100097,19.682404994122226,24.757719705851045,18.971172578800996,25.68589073540115,18.323281928705978,26.594114955908132,22.290000915527344
2025-05-27,22.187965500338137,20.011766193617742,24.60081775296796,19.3597903220586,25.42929468008033,18.763748488970545,26.23707162423201,18.95999908447266
2025-05-28,19.03859619577108,16.64821444779072,21.77219342304483,15.946746329646878,22.729912272559208,15.311618279288728,23.6727521868751,19.309999465942383
2025-05-29,19.20206392911732,17.05597276150039,21.61818996159517,16.419556628170845,22.456103260748282,15.840508144083737,23.27698428510459,19.180000305175785
2025-05-30,19.098655846228997,17.17669031189001,21.235677450632302,16.601971167701038,21.97080403574795,16.077022619247803,22.688196923726355,18.56999969482422
2025-06-02,18.51672532155861,16.788533493293986,20.42281517745463,16.26895860496224,21.075050036052733,15.79318000349788,21.70994800021978,18.360000610351562
2025-06-03,18.286388688081715,16.703980388396317,20.01870233779091,16.22585734742036,20.60858813754859,15.787015205267453,21.181458743387445,17.690000534057614
2025-06-04,17.64347871796654,16.17114838460427,19.249859927554926,15.725283384468058,19.795658600264293,15.315618287087375,20.325156675769954,17.61000061035156
2025-06-05,17.53253938260683,16.1472875209197,19.036629948182867,15.72643899950741,19.546061076654905,15.339176053665911,20.039533813760247,18.479999542236325
2025-06-06,18.3466156975287,16.851457588207296,19.974432822259786,16.398036202058908,20.52674499587602,15.981151347522857,21.062206360055566,16.770000457763675
2025-06-09,16.780880565410186,15.223746240873808,18.497283657718025,14.755413305760577,19.084382573046888,14.326477785757996,19.655770019795018,17.15999984741211
2025-06-10,17.05886375203657,15.57612543301718,18.68274839991308,15.128243297709112,19.23586412406617,14.717211521340861,19.773095744976708,16.950000762939457
2025-06-11,16.882710829335256,15.503642509402678,18.384448994750162,15.085484241884993,18.89405208190644,14.701045856370188,19.388139301901973,17.260000228881836
2025-06-12,17.162868176981558,15.811504381063225,18.62972914919046,15.400870250007618,19.126454497615192,15.02297164074344,19.60757505935551,18.020000457763675
2025-06-13,17.894510848885755,16.453996557012733,19.46113926858786,16.016831076083076,19.992314147524766,15.614756486893507,20.507109335305117,20.819999694824222
2025-06-16,20.561560660833766,18.206060465854172,23.2218154829308,17.5090168414411,24.14628877439297,16.875429239288817,25.052860630344707,19.11000061035156
2025-06-17,19.112077540145307,16.998520994722288,21.488428788242015,16.371197627120786,22.311837913153777,15.800186582199315,23.11817686457235,21.600000381469727
2025-06-18,21.35483940617021,18.77793572302129,24.28537261975178,18.018903778506054,25.308374564233862,17.330460571646885,26.31373610516713,20.13999938964844
2025-06-19,20.125946584348153,17.864130201229678,22.67413645967231,17.193709305746882,23.558251376312885,16.58385408608926,24.42458332142461,20.13999938964844
2025-06-20,20.047108187505856,18.020808733725993,22.301249218046056,17.415090607293724,23.07691391012618,16.861912689518864,23.83398337315384,20.6200008392334
2025-06-23,20.497891647088824,18.57808327351434,22.616087773424706,18.00103873079484,23.341073160239866,17.47269427955486,24.046867372219477,19.82999992370605
2025-06-24,19.78197661755248,18.02831495729975,21.706221564480877,17.499266732372796,22.36245694646495,17.014034229797186,23.00022402752964,17.47999954223633
2025-06-25,17.522441649390345,15.627610159510711,19.647019488096987,15.064170322372481,20.381870012469015,14.550867861239688,21.100869328500032,16.760000228881836
2025-06-26,16.721235964414053,15.034020275521508,18.597801988657697,14.529598490236266,19.24345895487078,14.068902562086048,19.8735993048314,16.59000015258789
2025-06-27,16.52218843465566,14.996860189002357,18.202657571646604,14.537934022854268,18.777269881754073,14.117545709249553,19.33641415387209,16.31999969482422
2025-06-30,16.25873269302747,14.861229756344844,17.787652375837897,14.43879658742447,18.308062391678394,14.050992143942699,18.81336108335086,16.729999542236328
2025-07-01,16.62928565029059,15.25723810611782,18.124718203622766,14.841457226939147,18.63247907604501,14.459311384460168,19.12491777002317,16.829999923706055
2025-07-02,16.74627453331236,15.42927419308017,18.17569039448653,15.0290549590858,18.65970358805081,14.660729345079021,19.128496553222096,16.639999389648438
2025-07-03,16.573017912030743,15.319976090031528,17.928547740437534,14.938356997872848,18.386555010808937,14.586788522190243,18.829704858931496,16.3799991607666
2025-07-04,16.317886914383827,15.11643631172796,17.614828512460505,14.750007698462994,18.052426737266423,14.41220817506106,18.475547266336292,16.3799991607666
2025-07-07,16.30367969618151,15.131027266398549,17.56721252006234,14.772944172496391,17.993026206012097,14.44264902399483,18.404516456369468,17.790000915527344
2025-07-08,17.626899049821706,16.102101057000002,19.296088691328436,15.64137457304452,19.864467068518493,15.218495311323505,20.416444842705285,16.80999946594238
2025-07-09,16.7848204679227,15.347543470624567,18.356696541021872,14.912984647796954,18.891603846854082,14.514004375834412,19.410921400125325,15.939999580383297
2025-07-10,15.91246763088989,14.547108158141839,17.405976731011094,14.134346158110986,17.914279392316708,13.75540074678874,18.407797109308554,15.779999732971191
2025-07-11,15.715043126965487,14.443550341252923,17.098467803793604,14.057793720379374,17.567662849140206,13.703050680205752,18.022452535998138,16.399999618530273
2025-07-14,16.288822567860937,14.97110977434641,17.722516543289395,14.57132688921224,18.208756324291063,14.203683687491349,18.680065431259795,17.20000076293945
2025-07-15,17.075429194621268,15.656036453174497,18.623505575793676,15.226101147597435,19.14937247258021,14.831028832931512,19.659477805956925,17.379999160766605
2025-07-16,17.289797419914972,15.91669036199804,18.7813601963023,15.499654360869975,19.286694261801554,15.115952574124666,19.776265726939094,17.15999984741211
2025-07-17,17.09263872532708,15.790354122502734,18.50232720102192,15.39390447297089,18.978830166676158,15.028745081582828,19.439966345066306,16.520000457763672
2025-07-18,16.47772999118653,15.221084106834635,17.838123996734957,14.838548363318562,18.297988389055934,14.486213451683046,18.74303361386012,16.409999847412113
2025-07-21,16.33979457280004,15.133772306523278,17.641925705874574,14.765997283279846,18.081331152866213,14.42697722024415,18.506225012032523,16.649999618530273
2025-07-22,16.55966858223821,15.354073952458721,17.85992593253432,14.98616343040772,18.298387364250615,14.646903605849774,18.722224910666203,16.5
2025-07-23,16.431677435040594,15.260119673939956,17.693178631508847,14.902209931036833,18.1181197002797,14.572005129040347,18.528680228854906,15.369999885559082
2025-07-24,15.358034003906935,14.129644843826247,16.693215652070794,13.756715145447801,17.145750709478968,13.413660052112965,17.584254226571577,15.390000343322756
2025-07-25,15.317152542542214,14.146104656882493,16.585142532319686,13.789674693350408,17.013828623864665,13.461405611092596,17.428726894476572,14.930000305175778
2025-07-28,14.88494537639579,13.763740995032165,16.097483884523548,13.422203986572066,16.507095189429585,13.10753132139037,16.903381226083113,15.029999732971193
2025-07-29,14.954242916941956,13.85849264236441,16.136630944644715,13.524216279040623,16.535478034722203,13.216020186029352,16.921083508582043,15.979999542236326
2025-07-30,15.852345599432187,14.567840156219173,17.25011108778233,14.178169590442485,17.72421040676763,13.8198418808988,18.183772518495232,15.479999542236328
2025-07-31,15.434906717768381,14.225069149351393,16.747640583320056,13.857345824746412,17.192061769922034,13.518896585223537,17.62246969524194,16.71999931335449
2025-08-01,16.571741603784844,15.114475065931785,18.169510921462056,14.674614545483808,18.7141283289877,14.271084838455057,19.2432896931992,20.379999160766605
2025-08-04,20.06705006909905,17.23112924534576,23.369710292463648,16.40901701681924,24.540561939997655,15.668868885375785,25.699780974717793,17.520000457763675
2025-08-05,17.585708430314423,15.041194122503734,20.560677461993514,14.305504962228232,21.618051359430083,13.643975777281236,22.666204194746516,17.850000381469727
2025-08-06,17.748565699086008,15.495686459574872,20.32898543711337,14.835268063409837,21.233966452667392,14.237601819069205,22.125326187508634,16.770000457763675
2025-08-07,16.75019916450178,14.793578358450036,18.965605565621388,14.215558906672438,19.736766868785143,13.690577549684507,20.49359649235117,16.569999694824215
2025-08-08,16.50379150933213,14.776717226572924,18.43272291180425,14.261817675940756,19.098206159442896,13.792164188672764,19.748542031365876,15.149999618530277
2025-08-11,15.154748861941552,13.541240084327546,16.960515553839986,13.060853050214874,17.584334819902164,12.622957693647399,18.19434229618786,16.25
2025-08-12,16.110664621268043,14.434308758801107,17.981707255688217,13.934308200273474,18.62693940800619,13.478150009901652,19.25735463311346,14.729999542236328
2025-08-13,14.742823754517893,13.16444003776474,16.51045176500209,12.694719101471431,17.121359718119653,12.266634967709697,17.71886526573299,14.489999771118166
2025-08-14,14.435528455604944,13.029928883804066,15.992756649009625,12.608598692898294,16.52717219955229,12.223320597597928,17.0481073558302,14.829999923706055
2025-08-15,14.741276393240675,13.40405914221842,16.21189726158952,13.001254456191734,16.714174038677093,12.632071127718953,17.202660395497222,15.09000015258789
2025-08-18,15.004787222046177,13.723091607413638,16.40618936459265,13.33551311186858,16.883012876235174,12.979641205423643,17.345906255467387,14.989999771118168
2025-08-19,14.925576561395753,13.725094803205318,16.231059885871286,13.360755826547603,16.673670156252708,13.025654158529607,17.10262171702199,15.569999694824217
2025-08-20,15.464321707511296,14.219591242238417,16.818011277499938,13.841839287214475,17.276984720831166,13.494407987596945,17.721803438373108,15.689999580383299
2025-08-21,15.610362455892428,14.404318349123653,16.91738616837508,14.03745011913445,17.35952141850684,13.699659480278877,17.78755277495228,16.600000381469727
2025-08-22,16.470871514582882,15.114326835120945,17.9491691167817,14.703199770071326,18.451059136264575,14.325312292366437,18.937779708611345,14.220000267028807
2025-08-25,14.27872896587611,12.652717841167963,16.113700110942272,12.17129777928711,16.751056837004864,11.733599115104452,17.375921819119906,14.78999996185303
2025-08-26,14.68818095607321,13.160602820070745,16.39306821639892,12.704959950548684,16.980979132408407,12.28926242542622,17.555379023560015,14.619999885559084
2025-08-27,14.56163125370379,13.18484672043073,16.082182012800523,12.771292452376317,16.602948022648185,12.392756434929083,17.110084094867183,14.850000381469727
2025-08-28,14.76773500401598,13.4680357237584,16.192858529779695,13.075756040273436,16.678652957208147,12.715886104237587,17.15067242354124,14.430000305175781
2025-08-29,14.386505964441113,13.18610512728444,15.696185633818288,12.822585844340841,16.1411712409198,12.488579698599027,16.57286567888243,15.359999656677246
2025-09-01,15.23382211967607,13.90357132939937,16.691347199637608,13.50186863348926,17.18794210442253,13.133267597052503,17.67034248399958,15.359999656677246
2025-09-02,15.288857850253466,14.03479389053987,16.654977350455805,13.654632922942262,17.118671419757902,13.305168082282826,17.56829924430024,17.170000076293945
2025-09-03,16.981566346119795,15.252291418125742,18.906903078508375,14.735652780353465,19.569787634528613,14.263951333329363,20.216950326649698,16.350000381469727
2025-09-04,16.320649427490956,14.765650760387064,18.0394079514365,14.298816353035942,18.62836693321865,13.871619156246567,19.202055270895606,15.300000190734862
2025-09-05,15.287480000573968,13.83357948524669,16.894184546898668,13.397040228158975,17.44467739051233,12.997541964206494,17.980864798247794,15.180000305175781
